Word1,Word2,Frequency
cloth,bride,198
cloth,bridegroom,158
tāli,bride,110
rice,bridegroom,108
tāli,bridegroom,104
rice,bride,104
water,bridegroom,76
water,bride,76
turmeric,bride,57
turmeric,bridegroom,56
money,bride,50
feast,bridegroom,47
cloth,wife,46
feast,bride,45
cloth,mother,44
badge,bride,43
cloth,husband,42
water,barber,41
milk,bride,40
thread,bridegroom,38
tāli,sister,38
pot,son,37
cloth,sister,36
water,son,36
milk,bridegroom,35
money,bridegroom,35
vessel,bride,34
rice,son,33
badge,bridegroom,32
rice,mother,31
cloth,uncle,30
corpse,son,29
vessel,bridegroom,28
gold,bride,28
cloth,washerwoman,28
thread,bride,27
water,father,26
rice,priest,26
brass,bride,26
tāli,husband,26
tāli,widow,26
string,bride,25
bottu,bride,25
rice,child,25
cloth,father,24
cloth,son,24
cloth,widow,24
fire,bridegroom,23
brass,bridegroom,23
rice,barber,23
seat,bridegroom,23
pot,bridegroom,23
string,bridegroom,22
cloth,priest,22
gold,bridegroom,22
rice,wife,22
ground,son,22
cloth,brother,22
property,father,20
bottu,bridegroom,20
screen,bride,20
corpse,widow,20
fire,son,20
rice,husband,20
cloth,washerman,20
ring,bride,20
cloth,child,20
pot,bride,19
sword,bridegroom,19
seat,bride,19
plank,bride,19
rice,chief,19
fire,bride,18
pyre,son,18
rice,goddess,18
ring,bridegroom,18
pot,barber,17
money,father,17
liquor,father,17
lamp,bride,16
silver,bride,16
pay,husband,16
cloth,headman,16
silver,bridegroom,15
rice,pūjāri,15
water,priest,15
water,mother,15
tāli,priest,15
dead,widow,15
screen,bridegroom,15
liquor,bride,15
water,child,15
earth,goddess,15
oil,bride,15
tank,bridegroom,15
image,goddess,15
property,husband,14
mat,bridegroom,14
cloth,barber,14
water,wife,14
food,bridegroom,14
liquor,bridegroom,14
object,husband,14
mat,bride,14
oil,bridegroom,14
stone,bride,13
food,son,13
badge,sister,13
fire,priest,13
milk,mother,13
tray,bridegroom,13
corpse,barber,13
thread,priest,13
plank,bridegroom,13
lamp,bridegroom,12
stone,bridegroom,12
floor,bride,12
razor,barber,12
water,husband,12
rice,father,12
vōli,bride,12
basket,bridegroom,12
property,son,12
water,chief,12
food,child,12
ground,goddess,12
cloth,daughter,12
cloth,chief,12
cloth,goddess,12
thread,child,11
property,wife,11
ground,barber,11
milk,father,11
vessel,father,11
dead,husband,11
paddy,bride,11
money,wife,11
water,washerman,11
water,goddess,11
post,bridegroom,11
basket,bride,11
sugar,bride,11
money,husband,11
plate,bride,11
dead,priest,11
rice,mourner,11
sword,priest,11
pot,goddess,11
dowry,bride,11
ground,wife,11
gold,child,11
rice,brother,10
floor,bridegroom,10
cotton,bridegroom,10
bead,bride,10
milk,child,10
rice,uncle,10
bundle,bridegroom,10
post,bride,10
pay,wife,10
rice,headman,10
tray,bride,10
piece,bride,10
land,king,10
cloth,master,10
lamp,son,10
tāli,wife,10
ground,priest,10
tāli,uncle,10
string,sister,9
arrow,bridegroom,9
water,pūjāri,9
rice,sister,9
bundle,bride,9
milk,barber,9
rice,widow,9
food,bride,9
piece,bridegroom,9
ornament,bride,9
sugar,bridegroom,9
fine,husband,9
feast,husband,9
silk,bridegroom,9
gold,father,9
ground,child,9
corpse,priest,9
rupee,bride,9
food,wife,9
metal,bride,9
hair,wife,9
grain,bride,9
tāli,mother,9
stone,goddess,9
garland,bride,8
garland,bridegroom,8
thread,mother,8
thread,purōhit,8
water,headman,8
thread,wife,8
dead,son,8
salt,bridegroom,8
jaggery,bridegroom,8
canopy,bridegroom,8
pot,priest,8
feast,father,8
meal,bride,8
meal,bridegroom,8
money,uncle,8
water,mourner,8
ground,bride,8
paste,bridegroom,8
fruit,bride,8
silk,bride,8
water,widow,8
gold,uncle,8
capital,king,8
cloth,friend,8
gold,mother,8
spirit,chief,8
revenue,officer,8
image,priest,8
food,priest,8
necklace,bride,8
glass,widow,8
sword,bride,8
cloth,owner,8
tank,bride,8
mortar,bride,8
silver,goldsmith,8
money,mother,8
grain,bridegroom,8
liquor,mother,8
gold,goldsmith,8
milk,husband,8
money,headman,8
knife,wife,8
shell,bride,7
thread,father,7
pyre,barber,7
dead,chief,7
dead,mourner,7
bead,bridegroom,7
ground,mother,7
food,husband,7
milk,priest,7
water,sister,7
milk,sister,7
hair,barber,7
thread,widow,7
dead,child,7
salt,bride,7
paddy,bridegroom,7
jaggery,bride,7
object,chief,7
pay,bridegroom,7
feast,goddess,7
blanket,bride,7
ornament,bridegroom,7
nut,bridegroom,7
badge,husband,7
paste,bride,7
fruit,bridegroom,7
hair,widow,7
silver,wife,7
silver,child,7
ground,bridegroom,7
rice,master,7
feast,chief,7
nut,bride,7
pot,husband,7
property,daughter,7
turmeric,priest,7
tobacco,bride,7
tobacco,bridegroom,7
turban,bridegroom,7
bed,bridegroom,7
pot,chief,7
land,landlord,7
tāli,father,7
tāli,headman,7
ground,widow,7
lamp,wife,7
mirror,bride,7
fire,wife,7
crown,king,7
tāli,astrologer,7
bow,father,7
water,uncle,6
hair,mother,6
brass,husband,6
arrow,husband,6
corpse,chief,6
corpse,mourner,6
cotton,bride,6
milk,pūjāri,6
cloth,pūjāri,6
cloth,weaver,6
vessel,mother,6
vessel,sister,6
hair,husband,6
pestle,bride,6
pestle,bridegroom,6
dress,bride,6
fire,barber,6
ground,washerman,6
palanquin,bearer,6
metal,bridegroom,6
silver,father,6
dagger,bridegroom,6
water,king,6
pay,king,6
money,brother,6
palanquin,bride,6
pyre,mourner,6
cot,bridegroom,6
cot,bride,6
water,brother,6
juice,husband,6
thread,son,6
coin,bridegroom,6
expense,bride,6
spirit,son,6
rice,king,6
cloth,householder,6
rice,matron,6
gold,matron,6
food,goddess,6
lime,bride,6
lime,bridegroom,6
property,owner,6
feast,wife,6
plate,mother,6
brass,mother,6
cloth,landlord,6
turmeric,uncle,6
thread,goddess,6
oil,child,6
pay,master,6
share,wife,6
rupee,bridegroom,6
bottu,widow,6
pay,bride,6
dead,father,6
spirit,ancestor,6
string,widow,6
cloth,infant,6
gate,bride,6
pot,mourner,6
seat,chief,6
dowry,bridegroom,6
jaggery,child,6
clay,potter,6
pot,father,6
plate,bridegroom,6
cloth,mourner,6
lamp,husband,6
dung,infant,6
pot,mother,6
honey,child,6
dead,mother,6
corpse,mother,6
stick,bride,6
mortar,husband,6
plate,wife,6
oil,barber,6
shell,bridegroom,5
money,priest,5
pariyam,bride,5
tāli,barber,5
vessel,husband,5
disc,bride,5
dairy,palol,5
ashes,child,5
pot,pūjāri,5
loom,weaver,5
hair,uncle,5
dead,elder,5
ground,chief,5
paste,gōpi,5
chaplet,bridegroom,5
fire,purōhit,5
gift,bride,5
ring,child,5
stick,bridegroom,5
land,chief,5
dress,bridegroom,5
pyre,washerman,5
property,headman,5
water,guru,5
butter,bridegroom,5
turban,bride,5
milk,wife,5
fire,goddess,5
sugar,child,5
bow,bridegroom,5
palanquin,bridegroom,5
tank,son,5
stone,husband,5
paddy,wife,5
hair,child,5
umbrella,bridegroom,5
ring,brother,5
coin,bride,5
property,widow,5
wealth,goddess,5
food,master,5
tamarind,brother,5
hole,barber,5
basket,wife,5
bow,bride,5
arrow,bride,5
arrow,child,5
oil,mother,5
money,son,5
handkerchief,bride,5
handkerchief,bridegroom,5
plate,husband,5
paddy,landlord,5
rice,elder,5
bali,chief,5
bali,mourner,5
spirit,mourner,5
gold,wife,5
pot,widow,5
lamp,uncle,5
fee,headman,5
ground,king,5
vessel,child,5
heap,child,5
glass,bride,5
badge,widow,5
piece,mother,5
badge,headman,5
earth,bride,5
hole,son,5
milk,widow,5
cultivation,chief,5
spirit,child,5
garland,mother,5
pyre,chief,5
oil,goddess,5
hair,bridegroom,5
fine,headman,5
gold,sister,5
silver,mother,5
grain,wife,5
tank,king,5
string,priest,5
idol,washerman,5
feast,mother,5
fire,witness,5
thread,sister,5
dead,wife,5
oil,infant,5
mark,wife,5
jaggery,mother,5
plate,child,5
turmeric,goddess,5
corpse,wife,5
oil,uncle,5
plate,uncle,5
ring,widow,5
silver,widow,5
money,king,5
stone,son,5
arrow,father,5
wall,bride,4
shell,sister,4
tāli,purōhit,4
lamp,sister,4
fire,brother,4
disc,bridegroom,4
door,wife,4
dowry,wife,4
anna,father,4
food,pūjāri,4
grain,pūjāri,4
ornament,husband,4
ground,pūjāri,4
bread,husband,4
cup,bride,4
thread,husband,4
milk,infant,4
ornament,widow,4
corpse,husband,4
corpse,child,4
paddy,chief,4
cloth,purōhit,4
jewelry,bride,4
cross,child,4
tray,mother,4
cloth,potter,4
mark,bride,4
mark,bridegroom,4
earth,bridegroom,4
vessel,headman,4
corpse,nephew,4
drum,priest,4
food,mother,4
throne,son,4
platform,bride,4
silver,son,4
object,bride,4
iron,bridegroom,4
property,heir,4
liquor,goddess,4
rupee,wife,4
tray,father,4
brass,father,4
brass,sister,4
vessel,chief,4
liquor,husband,4
payment,husband,4
fire,husband,4
hair,father,4
cloth,teacher,4
fan,bridegroom,4
turmeric,mother,4
debt,son,4
object,wife,4
water,celebrant,4
paddy,son,4
ashes,son,4
throne,king,4
object,widow,4
cloth,beggar,4
pot,matron,4
turmeric,matron,4
food,matron,4
silver,matron,4
vessel,performer,4
moon,goddess,4
iron,blacksmith,4
wall,bridegroom,4
drum,goddess,4
feast,uncle,4
cord,child,4
paddy,slave,4
bangle,bridegroom,4
vessel,brother,4
fanam,bride,4
property,mother,4
feast,son,4
canopy,bride,4
tamarind,husband,4
drink,headman,4
toddy,father,4
earth,son,4
paddy,priest,4
fire,king,4
moon,child,4
expense,bridegroom,4
tax,king,4
property,brother,4
flesh,husband,4
saffron,bridegroom,4
liquor,seller,4
money,master,4
toddy,husband,4
drink,husband,4
piece,child,4
payment,bride,4
water,daughter,4
vōli,bridegroom,4
bed,bride,4
necklace,bridegroom,4
meal,son,4
image,son,4
post,barber,4
mortar,bridegroom,4
star,bridegroom,4
earth,wife,4
bier,son,4
vessel,widow,4
turmeric,son,4
drum,wife,4
gold,brother,4
share,father,4
share,husband,4
silver,priest,4
oil,wife,4
dish,bride,4
fee,bride,4
cloth,heir,4
image,chief,4
hair,bride,4
dowry,husband,4
tāli,daughter,4
powder,goddess,4
door,child,4
butter,bride,4
basket,washerman,4
feast,pūjāri,4
dhornam,washerman,4
spirit,goddess,4
share,chief,4
umbrella,bride,4
drink,brother,4
cloth,carpenter,4
tank,chief,4
fire,chief,4
flesh,wife,4
camphor,priest,4
tāli,goldsmith,4
rice,patient,4
object,goddess,4
stool,wife,4
fine,wife,4
paddy,husband,4
cloth,victim,4
roof,bridegroom,4
bow,brother,4
arrow,brother,4
cord,infant,4
pot,wife,4
liquor,priest,4
rice,slave,4
toddy,bride,4
drink,father,4
seat,brother,4
string,child,4
cot,child,4
cloth,baby,4
wood,goddess,4
rice,sorcerer,4
metal,wife,4
share,headman,4
thread,chief,4
throne,bride,4
thread,uncle,4
turmeric,pūjāri,4
door,bridegroom,4
grain,chief,4
necklace,goddess,4
necklace,ancestor,4
ground,ancestor,4
heap,brother,4
heap,elder,4
dung,brother,4
dung,elder,4
heap,infant,4
platter,infant,4
platter,child,4
dung,child,4
bran,mendicant,4
basket,grandson,4
reflection,infant,4
reflection,uncle,4
plate,infant,4
surface,infant,4
surface,uncle,4
sword,chief,4
earth,witness,4
mirror,bridegroom,4
stool,bridegroom,4
sword,blacksmith,4
oil,king,4
cloth,rishi,4
idol,goddess,4
lamp,barber,4
bow,child,4
cloth,nephew,4
earth,master,3
instrument,bride,3
roller,bride,3
stock,parent,3
food,barber,3
rice,washerman,3
corpse,karta,3
earth,mother,3
flour,husband,3
revenue,official,3
anna,mother,3
lingas,priest,3
silver,goddess,3
string,mother,3
bread,wife,3
bag,bride,3
bag,bridegroom,3
ārathi,bridegroom,3
cup,bridegroom,3
dead,brother,3
mark,priest,3
ashes,priest,3
rice,infant,3
milk,elder,3
water,infant,3
cot,widow,3
saw,wife,3
bier,widow,3
fire,father,3
ground,mourner,3
iron,son,3
fine,delinquent,3
rope,bride,3
fish,expert,3
fish,king,3
mark,gōpi,3
sandal,gōpi,3
meat,butcher,3
curds,bridegroom,3
cotton,uncle,3
gift,bridegroom,3
land,ruler,3
toddy,chief,3
property,sister,3
rice,landlord,3
bali,father,3
razor,bride,3
tray,headman,3
pyre,nephew,3
mat,son,3
vessel,goddess,3
throne,ruler,3
platform,bridegroom,3
feast,guru,3
dish,bridegroom,3
ashes,bridegroom,3
ring,father,3
turban,father,3
turban,son,3
object,father,3
pepper,bride,3
milk,headman,3
iron,bride,3
honey,expert,3
coral,child,3
hole,child,3
flesh,goddess,3
land,native,3
revenue,native,3
cross,bride,3
jewel,bride,3
vessel,barber,3
vessel,mourner,3
juice,child,3
art,son,3
fire,guru,3
plank,father,3
honey,father,3
ring,mother,3
wealth,bride,3
object,son,3
ground,celebrant,3
food,widow,3
tank,widow,3
stone,owner,3
income,chief,3
stone,chief,3
gold,king,3
hair,beggar,3
mark,widow,3
rice,performer,3
brass,performer,3
piece,matron,3
meat,eater,3
sugar,merchant,3
silver,merchant,3
ground,friend,3
piece,barber,3
basket,brother,3
water,master,3
toddy,wife,3
paddy,master,3
toddy,headman,3
payment,father,3
knife,bride,3
knife,bridegroom,3
fine,father,3
ball,chief,3
hair,chief,3
sandal,bride,3
gift,child,3
revenue,police,3
idol,husband,3
revenue,chief,3
loom,headman,3
saffron,bride,3
ring,priest,3
land,master,3
food,washerman,3
drink,bridegroom,3
drink,bride,3
fan,bride,3
money,child,3
rupee,child,3
wool,bride,3
wool,bridegroom,3
fish,bridegroom,3
curry,bridegroom,3
fee,priest,3
fire,sister,3
star,bride,3
stone,wife,3
basket,husband,3
string,husband,3
pot,washerman,3
mark,son,3
turban,chief,3
turban,mourner,3
fruit,priest,3
money,pūjāri,3
spirit,astrologer,3
ornament,priest,3
gate,bridegroom,3
mat,husband,3
tāli,elder,3
gate,husband,3
oil,washerwoman,3
juice,wife,3
rice,heir,3
ground,heir,3
pillar,chief,3
lead,celibate,3
fire,saint,3
pole,bridegroom,3
rent,landlord,3
thread,widower,3
thread,guru,3
pay,headman,3
produce,contractor,3
tray,child,3
bit,headman,3
tāli,aunt,3
door,husband,3
cart,driver,3
necklet,child,3
turmeric,child,3
stone,child,3
idol,bridegroom,3
fish,daughter,3
fish,chief,3
feast,priest,3
stone,mason,3
ornament,wife,3
box,bride,3
idol,priest,3
gold,chief,3
umbrella,brother,3
vessel,priest,3
share,bride,3
water,goldsmith,3
flesh,widow,3
dung,wife,3
land,goddess,3
meat,priest,3
feast,child,3
hair,victim,3
dress,priest,3
coin,barber,3
silver,barber,3
copper,barber,3
copper,bride,3
tray,purōhit,3
thread,barber,3
piece,father,3
fee,bridegroom,3
capital,son,3
mud,bride,3
milk,king,3
earth,child,3
incense,priest,3
post,victim,3
knife,priest,3
toddy,bridegroom,3
drink,son,3
crowbar,bridegroom,3
fine,bride,3
tobacco,father,3
milk,son,3
dowry,father,3
grain,husband,3
coin,child,3
dead,nephew,3
food,chief,3
rice,contractor,3
ground,husband,3
pay,guru,3
gold,priest,3
anna,bridegroom,3
thread,pūjāri,3
linga,child,3
linga,guru,3
fine,guru,3
property,child,3
bottu,priest,3
rice,potter,3
wood,carpenter,3
bodice,bride,3
brass,priest,3
corpse,father,3
food,stranger,3
rope,priest,3
brass,pūjāri,3
jewelry,bridegroom,3
castor,bride,3
castor,bridegroom,3
fire,performer,3
pit,performer,3
tāli,brother,3
water,karta,3
iron,accountant,3
revenue,writer,3
revenue,accountant,3
fish,fisherman,3
fee,barber,3
ghee,bridegroom,3
string,father,3
gate,sister,3
thread,daughter,3
door,bride,3
butter,priest,3
corpse,daughter,3
camphor,bridegroom,3
thread,brother,3
umbrella,maker,3
sword,son,3
seat,uncle,3
ring,uncle,3
brick,son,3
oil,patient,3
necklace,husband,3
vessel,pūjāri,3
tāli,carpenter,3
mat,friend,3
bundle,washerman,3
honey,nephew,3
gift,patron,2
money,patron,2
turmeric,sister,2
pariyam,bridegroom,2
money,purōhit,2
pot,purōhit,2
water,bridesmaid,2
thread,washerwoman,2
lead,son,2
food,guru,2
hair,cutter,2
knife,barber,2
paddy,barber,2
soap,barber,2
dress,mother,2
fuel,barber,2
rope,chief,2
lingam,child,2
water,owner,2
basket,friend,2
money,merchant,2
anna,brother,2
emblem,priest,2
plough,pūjāri,2
thread,weaver,2
money,goddess,2
gold,goddess,2
fire,pūjāri,2
pariyam,father,2
lamp,child,2
screen,priest,2
tray,sister,2
pole,uncle,2
star,uncle,2
milk,baby,2
milk,grandfather,2
hair,infant,2
razor,uncle,2
gold,guardian,2
bit,husband,2
lobe,husband,2
corpse,elder,2
pyre,child,2
pyre,widow,2
jewellery,widow,2
turmeric,widow,2
fire,mother,2
pyre,mother,2
tray,chief,2
tray,mourner,2
dung,chief,2
dung,mourner,2
paddy,mourner,2
site,headman,2
fund,headman,2
pith,bridegroom,2
salt,uncle,2
paddy,uncle,2
jaggery,purōhit,2
rope,bridegroom,2
rice,purōhit,2
spear,expert,2
water,expert,2
pack,king,2
curry,king,2
dowry,sister,2
cultivation,ryot,2
powder,bridegroom,2
comb,bridegroom,2
butter,purōhit,2
bowl,bridegroom,2
ārathi,wife,2
coral,sister,2
pearl,sister,2
pearl,daughter,2
basket,priest,2
basket,sister,2
stone,beggar,2
money,immigrant,2
rice,ruler,2
rice,chieftain,2
rice,guard,2
land,official,2
land,guard,2
property,aliya,2
prize,judge,2
track,chief,2
bali,mother,2
razor,bridegroom,2
lamp,washerman,2
pyre,carpenter,2
corpse,washerman,2
corpse,carpenter,2
ashes,barber,2
ashes,washerman,2
jewel,headman,2
feast,headman,2
food,bearer,2
palanquin,ancestor,2
fire,widow,2
air,son,2
bed,child,2
throne,heir,2
hair,adversary,2
shell,priest,2
cup,goddess,2
blanket,bridegroom,2
wax,expert,2
copper,king,2
land,daughter,2
palanquin,chief,2
screen,uncle,2
curds,bride,2
stone,uncle,2
canopy,wife,2
pot,elder,2
cot,father,2
cot,sister,2
seat,sister,2
cross,uncle,2
cup,wife,2
cup,husband,2
bundle,chief,2
bundle,mourner,2
coffin,priest,2
fruit,child,2
seat,teacher,2
honey,bridegroom,2
fruit,father,2
heap,bride,2
cord,bride,2
wealth,child,2
wealth,bridegroom,2
expense,uncle,2
arrow,son,2
debt,father,2
ball,son,2
fire,victim,2
stone,guru,2
saw,son,2
saw,priest,2
feast,widow,2
property,priest,2
rice,disciple,2
seat,king,2
ring,consort,2
bell,consort,2
water,householder,2
water,beggar,2
hair,householder,2
salt,matron,2
brim,matron,2
box,matron,2
pumpkin,matron,2
mark,matron,2
nut,matron,2
object,matron,2
coral,performer,2
coral,matron,2
vessel,matron,2
brass,matron,2
pearl,performer,2
pearl,matron,2
toddy,master,2
meat,guru,2
iron,master,2
dung,bridegroom,2
thread,adult,2
mark,babe,2
mark,guru,2
instrument,infant,2
instrument,operator,2
fee,disciple,2
stamp,gōpi,2
jewel,swāmis,2
car,swāmis,2
cultivation,expert,2
meat,uncle,2
meat,daughter,2
tobacco,barber,2
mark,chief,2
hair,son,2
rope,brother,2
rope,wife,2
knife,child,2
saw,child,2
cultivation,master,2
drink,goddess,2
furrow,master,2
door,master,2
basket,master,2
harvest,master,2
sheaf,headman,2
paddy,headman,2
feast,master,2
money,friend,2
plank,mother,2
floor,husband,2
piece,husband,2
tent,driver,2
paddy,driver,2
cloth,driver,2
spade,landlord,2
spirit,priest,2
drink,priest,2
mound,chief,2
mound,mourner,2
ball,mourner,2
toddy,priest,2
liquor,aunt,2
sandal,bridegroom,2
property,watchman,2
turmeric,headman,2
nut,cutter,2
chank,bride,2
ladle,husband,2
ladle,widow,2
brass,guru,2
gift,servant,2
spirit,official,2
dead,infant,2
bodice,partner,2
cloth,partner,2
idol,child,2
plank,uncle,2
rent,servant,2
powder,priest,2
ground,brother,2
property,prostitute,2
idol,daughter,2
hair,goddess,2
flour,pūjāri,2
cloth,offspring,2
stool,bride,2
bangle,bride,2
vessel,native,2
liquor,daughter,2
bone,infant,2
bone,child,2
ring,king,2
ring,guru,2
throne,brother,2
ash,child,2
debt,master,2
box,witness,2
cross,mother,2
rupee,mother,2
pay,father,2
harvest,priest,2
ground,father,2
corpse,bachelor,2
wreath,bachelor,2
object,child,2
object,mother,2
grain,goddess,2
basket,goddess,2
fine,uncle,2
pay,uncle,2
pay,daughter,2
water,ruler,2
floor,wife,2
mortar,son,2
necklet,bride,2
gift,father,2
timber,chief,2
produce,bridegroom,2
produce,bride,2
produce,owner,2
plate,chief,2
property,master,2
rupee,labourer,2
property,nephew,2
meal,uncle,2
silver,headman,2
cane,headman,2
fire,nephew,2
pay,priest,2
milk,purōhit,2
tank,wife,2
tank,husband,2
bundle,widow,2
oil,widow,2
fire,washerman,2
mat,barber,2
cross,chief,2
coin,son,2
coin,chief,2
coin,mourner,2
bit,widow,2
coffee,planter,2
pāl,bride,2
bough,uncle,2
lock,uncle,2
ground,babe,2
cloth,babe,2
oil,chief,2
oil,performer,2
pay,child,2
tāli,washerman,2
share,heir,2
post,priest,2
silver,astrologer,2
ornament,goldsmith,2
rice,guardian,2
dish,husband,2
nut,husband,2
gate,daughter,2
corpse,heir,2
saw,king,2
saw,master,2
ashes,king,2
rupee,headman,2
bundle,father,2
vōli,mother,2
grain,mother,2
moon,prince,2
straw,guard,2
ashes,potter,2
pay,native,2
rock,wife,2
cloth,native,2
ladder,wife,2
drum,bride,2
drum,bridegroom,2
badge,father,2
silver,sister,2
mark,headman,2
cloth,aunt,2
metal,goddess,2
saffron,goddess,2
fanam,bridegroom,2
sugar,barber,2
grain,barber,2
money,barber,2
pot,brother,2
cultivation,wife,2
land,wife,2
land,thief,2
door,thief,2
piece,heir,2
sugar,son,2
jaggery,son,2
piece,wife,2
turmeric,father,2
rupee,father,2
drum,pūjāri,2
land,owner,2
produce,wife,2
cotton,washerman,2
wound,washerman,2
plank,purōhit,2
stone,blacksmith,2
stone,goldsmith,2
brass,blacksmith,2
turban,priest,2
image,king,2
silk,chief,2
metal,blacksmith,2
lamp,mother,2
meat,bride,2
bell,bride,2
lingam,goldsmith,2
umbrella,pilgrim,2
pot,sister,2
cloth,pilgrim,2
tāli,matron,2
liquor,widow,2
share,bridegroom,2
sugar,wife,2
property,complainant,2
oil,owner,2
wood,ruler,2
land,headman,2
heap,chief,2
fire,dancer,2
wood,chief,2
ashes,chief,2
incense,wife,2
fee,astrologer,2
ground,astrologer,2
wealth,offspring,2
land,husbandmen,2
stone,barber,2
herd,driver,2
turmeric,purōhit,2
paddy,washerman,2
cup,barber,2
turmeric,barber,2
copper,bridegroom,2
money,washerman,2
tāli,chief,2
fine,barber,2
pay,barber,2
tank,mother,2
plate,goldsmith,2
jewelry,widow,2
ashes,patient,2
thread,witness,2
plank,astrologer,2
lamp,brother,2
fire,daughter,2
mud,bridegroom,2
dead,bridegroom,2
umbrella,chief,2
copper,priest,2
dead,thief,2
water,thief,2
badge,elder,2
liquor,wife,2
pole,wife,2
pole,husband,2
load,wife,2
load,husband,2
rupee,husband,2
rupee,daughter,2
clothing,son,2
clothing,wife,2
incense,child,2
expense,child,2
brass,victim,2
pit,victim,2
pot,victim,2
hole,victim,2
flesh,priest,2
flesh,victim,2
ground,victim,2
blanket,husband,2
blanket,uncle,2
rear,bridegroom,2
roof,bride,2
roof,brother,2
saw,uncle,2
flesh,bridegroom,2
cord,mother,2
metal,husband,2
pot,child,2
stone,king,2
copper,child,2
copper,mother,2
iron,child,2
coin,owner,2
cloth,slave,2
earth,slave,2
mat,neighbour,2
string,baby,2
rice,owner,2
glass,seller,2
hole,goddess,2
dung,victim,2
gold,husband,2
door,mother,2
rice,victim,2
property,police,2
drink,daughter,2
drink,wife,2
expense,father,2
crowbar,bride,2
payment,child,2
produce,daughter,2
cord,father,2
cord,uncle,2
bed,baby,2
bed,father,2
bed,husband,2
mark,husband,2
jaggery,father,2
salt,wife,2
heap,son,2
expense,wife,2
meat,wife,2
milk,palol,2
bangle,widow,2
badge,priest,2
pay,brother,2
wood,bride,2
rāgi,bride,2
rāgi,bridegroom,2
wood,mother,2
dead,pūjāri,2
water,nephew,2
pot,nephew,2
silk,goddess,2
cotton,goddess,2
bread,pūjāri,2
stone,pūjāri,2
fee,pūjāri,2
milk,victim,2
rice,nephew,2
money,diviner,2
book,patient,2
lime,victim,2
mirror,mother,2
gate,brother,2
butter,child,2
meal,priest,2
throne,daughter,2
paddy,farmer,2
anna,goddess,2
knife,landlord,2
oil,father,2
site,contractor,2
tobacco,native,2
door,son,2
bangle,heir,2
bangle,son,2
shell,child,2
necklet,priest,2
stone,priest,2
anna,bride,2
glass,wife,2
pot,potter,2
share,son,2
vessel,aunt,2
string,headman,2
plate,goddess,2
clay,pūjāri,2
tank,sister,2
metal,child,2
dress,child,2
saw,enemy,2
ghee,bride,2
bag,mother,2
ashes,guru,2
cloth,merchant,2
image,sage,2
fan,goddess,2
silk,priest,2
stick,master,2
bottu,novice,2
arrow,mother,2
stick,goddess,2
sword,father,2
toddy,brother,2
carcase,goddess,2
flour,goddess,2
payment,wife,2
gold,widow,2
clay,carpenter,2
medicine,physician,2
cotton,native,2
coin,goldsmith,2
camphor,goddess,2
tray,priest,2
knife,husband,2
crown,bridegroom,2
canopy,husband,2
meal,husband,2
bow,wife,2
bow,husband,2
bag,headman,2
grain,child,2
basket,child,2
needle,child,2
food,brother,2
nāmam,priest,2
nut,priest,2
corpse,brother,2
corpse,sister,2
incense,son,2
cloth,widower,2
tray,wife,2
copper,chief,2
dowry,priest,2
rice,daughter,2
ashes,father,2
gun,husband,2
pool,pūjāri,2
water,offspring,2
car,priest,2
car,goddess,2
cake,bride,2
cake,bridegroom,2
medicine,patient,2
meal,mother,2
coffee,cooly,2
post,police,2
water,patient,2
pit,mother,2
box,bridegroom,2
seat,father,2
seat,wife,2
cloth,karta,2
oil,priest,2
dung,barber,2
prize,owner,2
jewellery,bride,2
plank,headman,2
pay,fisherman,2
ground,daughter,2
dead,bride,2
food,astrologer,2
stone,washerman,2
fanam,carpenter,2
fee,child,2
bier,barber,2
paste,barber,2
sandal,barber,2
piece,son,2
salt,son,2
vehicle,goddess,2
money,lender,2
meal,wife,2
spirit,victim,2
razor,wife,2
fish,bride,2
stool,father,2
ghee,child,2
bit,child,2
gate,wife,2
tank,saint,2
moon,accountant,2
thread,mourner,2
bed,mother,2
rice,cooly,2
cotton,purōhit,2
ashes,bride,2
ashes,mother,2
coral,uncle,2
glass,purōhit,2
toddy,ancestor,2
cloth,consort,2
tāli,maid,2
dress,father,2
arrow,purōhit,2
glass,priest,2
water,native,2
hole,goldsmith,2
plate,father,2
silk,mother,2
cloth,astrologer,2
juice,brother,2
tamarind,child,2
metal,brother,2
bell,brother,2
knife,brother,2
meal,child,2
flour,child,2
rice,astrologer,2
umbrella,goldsmith,2
sword,goldsmith,2
sword,goddess,2
gate,goddess,2
rice,dancer,2
paddy,dancer,2
thread,nephew,2
string,giver,2
silver,giver,2
bell,beggar,2
image,headman,2
umbrella,native,2
pepper,patient,2
pan,patient,2
gold,patient,2
oil,poet,2
tank,labourer,2
share,child,2
dagger,bride,2
camphor,bride,2
cloth,messenger,2
cloth,saint,2
piece,rishi,2
fire,rishi,2
water,sorcerer,2
piece,brother,2
piece,sister,2
wax,contractor,2
honey,contractor,2
idol,pūjāri,2
ground,slave,2
cloth,adult,2
spirit,barber,2
silver,chief,2
bell,wife,2
lingam,priest,2
cloth,attendant,2
meal,goddess,2
fan,headman,2
liquor,ancestor,2
moon,owner,2
mortar,sister,2
cloth,mendicant,2
door,heir,2
image,enemy,2
art,guru,2
fish,wife,2
throne,mother,2
pearl,chief,2
silk,weaver,2
knife,blacksmith,2
jewelry,daughter,2
vessel,wife,2
post,carpenter,2
loom,native,2
cloth,bachelor,2
bangle,mother,2
wood,father,2
dead,washerman,2
nāmam,bride,2
nāmam,bridegroom,2
flour,barber,2
money,sowcar,2
honey,mother,2
payment,landlord,2
pan,sorcerer,2
water,servant,2
cloth,reader,2
mat,astrologer,2
silk,sister,2
fanam,barber,2
dress,wife,2
butter,mother,2
stool,uncle,2
fanam,wife,2
fanam,uncle,2
feast,washerman,2
jaggery,husband,2
cloth,midwife,2
mat,child,2
ornament,landlord,2
door,carpenter,2
fire,assistant,2
dairy,assistant,2
dairy,priest,2
cross,palol,2
honey,uncle,2
comb,child,2
cloth,palol,2
cloth,police,2
butter,son,2
bottu,sister,2
cloth,servant,2
cloth,patient,2
cultivation,cooly,2
cloth,ruler,2
rupee,priest,2
net,fisherman,2
cloth,official,2
cloth,informant,2
flesh,heir,2
ground,enemy,2
fruit,witness,2
screen,maid,1
jewellery,maid,1
umbrella,maid,1
money,slave,1
panam,slave,1
panam,patron,1
earth,householder,1
earth,landholder,1
garland,sister,1
instrument,sister,1
instrument,bridegroom,1
pariyam,priest,1
pariyam,purōhit,1
lamp,purōhit,1
ārathi,bridesmaid,1
lamp,bridesmaid,1
ashtamangalam,bridesmaid,1
vessel,bridesmaid,1
mirror,bridesmaid,1
ankusam,bridesmaid,1
flapper,bridesmaid,1
flag,bridesmaid,1
drum,bridesmaid,1
star,purōhit,1
sword,commander,1
picture,albino,1
food,servant,1
stock,father,1
stock,wife,1
medicine,barber,1
text,barber,1
floor,priest,1
brass,son,1
cinder,son,1
chank,guru,1
hair,surgeon,1
dresser,surgeon,1
hair,shaver,1
knapsack,physician,1
knife,operator,1
box,cutter,1
marakkāls,barber,1
soap,client,1
spirit,sorcerer,1
dead,sorcerer,1
dead,karta,1
rope,karta,1
rope,mourner,1
poison,beggar,1
nectar,beggar,1
box,owner,1
lock,owner,1
key,owner,1
basket,victim,1
plough,cultivator,1
pay,son,1
pay,chief,1
pumpkin,husband,1
ground,clerk,1
object,dāsis,1
meal,official,1
feast,idler,1
crop,idler,1
food,adversary,1
poison,adversary,1
carcase,witness,1
stone,eater,1
fire,jumper,1
ground,servant,1
cromlechs,leader,1
earth,gardener,1
produce,mother,1
produce,gardener,1
cash,wife,1
capital,wife,1
cash,cultivator,1
cash,cooly,1
harvest,cultivator,1
harvest,cooly,1
revenue,munsiff,1
thread,delinquent,1
stick,delinquent,1
sandal,delinquent,1
orange,student,1
turban,student,1
cap,student,1
anna,sister,1
food,palol,1
rice,palol,1
wound,necromancer,1
honē,father,1
honē,elder,1
dairy,pūjāri,1
dairy,celibate,1
photograph,assistant,1
photograph,headman,1
herd,successor,1
property,pūjāri,1
bund,pūjāri,1
water,donor,1
linga,priest,1
sickle,pūjāri,1
moon,pūjāri,1
basket,pūjāri,1
soil,pūjāri,1
store,pūjāri,1
attire,child,1
elemukkuththi,husband,1
dhubati,weaver,1
turban,weaver,1
incense,weaver,1
rain,pūjāri,1
hair,pūjāri,1
ring,pūjāri,1
pit,pūjāri,1
cake,thrower,1
lamp,thrower,1
crevice,pūjāri,1
stick,pūjāri,1
gold,pūjāri,1
rock,pūjāri,1
property,partner,1
property,betrothed,1
property,bridegroom,1
sāmai,mother,1
wine,correspondent,1
pariyam,abetter,1
pariyam,abductor,1
pariyam,wife,1
pariyam,husband,1
bread,winner,1
sugar,pūjāri,1
jaggery,pūjāri,1
cane,pūjāri,1
costume,bride,1
costume,bridegroom,1
ārathi,mother,1
cavity,sister,1
cavity,bridegroom,1
ārathi,sister,1
wick,sister,1
wick,bridegroom,1
disc,priest,1
cup,sister,1
pole,priest,1
star,priest,1
dead,cousin,1
lamp,infant,1
feast,infant,1
rice,baby,1
cup,grandfather,1
brass,grandfather,1
meal,grandfather,1
thread,babe,1
water,babe,1
silver,babe,1
bangle,babe,1
bead,babe,1
turmeric,babe,1
iron,babe,1
ashes,babe,1
razor,infant,1
fee,guardian,1
corpse,native,1
cot,native,1
chintz,widow,1
strip,widow,1
wire,husband,1
roll,husband,1
lock,husband,1
dead,bearer,1
cord,widow,1
pyre,father,1
bone,chief,1
bone,mourner,1
pit,chief,1
pit,mourner,1
patch,barber,1
bar,son,1
grain,son,1
sickle,chief,1
sickle,mourner,1
roof,father,1
roof,son,1
roof,mother,1
car,official,1
wood,official,1
silk,official,1
bundle,dwarf,1
food,dwarf,1
site,steward,1
pith,bride,1
straw,bride,1
straw,bridegroom,1
rope,purōhit,1
jaggery,brother,1
fish,priest,1
nāmam,gōpi,1
food,disciple,1
water,disciple,1
dung,disciple,1
meal,disciple,1
dowry,king,1
cultivation,farmer,1
lathe,swāmis,1
saw,father,1
glass,father,1
meat,servant,1
fenugreek,bridegroom,1
pepper,bridegroom,1
roll,bridegroom,1
lobe,bridegroom,1
mustard,bridegroom,1
dhornam,bridegroom,1
dhornam,washerwoman,1
dhornam,uncle,1
cotton,washerwoman,1
canopy,potter,1
water,potter,1
bowl,child,1
collyrium,bride,1
collyrium,bridegroom,1
coral,son,1
coral,bridegroom,1
coral,daughter,1
pearl,son,1
pearl,bridegroom,1
earth,priest,1
stick,priest,1
plough,priest,1
plough,bridegroom,1
kitti,brother,1
wax,immigrant,1
rice,official,1
land,chieftain,1
drawers,chief,1
shield,slayer,1
shield,warrior,1
sword,slayer,1
sword,warrior,1
land,cultivator,1
land,ryot,1
wall,ryot,1
fruit,ryot,1
land,aliya,1
cargo,prince,1
cargo,king,1
cargo,uncle,1
wealth,son,1
wealth,sister,1
book,aliya,1
book,scholar,1
dead,owner,1
post,judge,1
plank,driver,1
rice,driver,1
mud,driver,1
stool,leveller,1
plank,leveller,1
dead,driver,1
stool,driver,1
pole,driver,1
car,driver,1
paddock,driver,1
banner,chief,1
pole,chief,1
garb,bearer,1
rear,bearer,1
umbrella,bearer,1
torch,bearer,1
bali,brother,1
bali,daughter,1
bali,aliya,1
tray,washerman,1
plank,washerman,1
mat,nephew,1
table,headman,1
food,ancestor,1
food,preceptor,1
palanquin,guru,1
palanquin,preceptor,1
beef,devotee,1
bedi,bride,1
bedi,brother,1
bedi,wife,1
bedi,bridegroom,1
soot,priest,1
drum,dhiyani,1
property,prey,1
wealth,defaulter,1
wealth,headman,1
expense,headman,1
kamba,bride,1
kamba,bridegroom,1
flour,bride,1
flour,bridegroom,1
beef,ejamān,1
beef,headman,1
food,elder,1
meat,mother,1
shield,enemy,1
spear,enemy,1
turban,enemy,1
torch,enemy,1
iron,enemy,1
wound,enemy,1
pit,writer,1
rock,writer,1
chank,priest,1
rod,goddess,1
iron,goddess,1
ball,bridegroom,1
ring,son,1
bottu,purōhit,1
ornament,headman,1
plate,king,1
device,king,1
art,offspring,1
picture,chief,1
lime,chief,1
umbrella,master,1
cash,adult,1
cash,convert,1
share,thief,1
palanquin,purōhit,1
palanquin,brother,1
palanquin,wife,1
seat,purōhit,1
bund,son,1
embankment,son,1
tray,husband,1
incense,father,1
incense,bride,1
incense,sister,1
incense,bridegroom,1
ārathi,father,1
ārathi,bride,1
ārathi,brother,1
sirdachi,bride,1
jewel,barber,1
jewel,uncle,1
screw,headman,1
screw,bridesmaid,1
screen,headman,1
upparige,barber,1
upparige,chief,1
upparige,mourner,1
car,chief,1
car,mourner,1
car,barber,1
stone,infant,1
arrow,infant,1
lead,nomad,1
flute,child,1
spirit,mother,1
fruit,husband,1
art,husband,1
art,child,1
butter,baby,1
honey,baby,1
lock,barber,1
fire,teacher,1
seat,giver,1
wealth,guard,1
plank,daughter,1
rice,guru,1
art,teacher,1
honey,bride,1
heap,bridegroom,1
yoke,bride,1
car,wife,1
vehicle,wife,1
yoke,bridegroom,1
lead,bride,1
lead,bridegroom,1
earth,bearer,1
art,bearer,1
garment,guard,1
wealth,wife,1
art,giver,1
fire,child,1
stick,purōhit,1
object,friend,1
object,daughter,1
garland,poet,1
rice,celebrant,1
thread,beggar,1
fee,elder,1
corpse,celebrant,1
anna,celebrant,1
pyre,celebrant,1
air,elder,1
ground,elder,1
stone,celebrant,1
bundle,priest,1
bundle,purōhit,1
store,victim,1
book,officer,1
hair,prey,1
water,performer,1
water,guest,1
earth,celebrant,1
bell,goddess,1
earth,daughter,1
pit,prey,1
wood,victim,1
fuel,victim,1
sālagrāma,guru,1
sālagrāma,owner,1
rice,informant,1
stone,informant,1
newspaper,author,1
ware,virgin,1
feast,bachelor,1
board,chief,1
food,owner,1
throne,priest,1
drum,son,1
drum,husband,1
drum,mother,1
rice,beggar,1
seat,friend,1
dead,friend,1
dress,artisan,1
cotton,artisan,1
food,minister,1
fish,minister,1
tank,barber,1
food,giver,1
coin,police,1
metal,treasurer,1
silver,beggar,1
copper,beggar,1
gold,prince,1
silver,prince,1
tamarind,headman,1
gun,watchman,1
badge,watchman,1
silver,police,1
bangle,police,1
knife,peon,1
crop,cultivator,1
crop,ryot,1
pay,cultivator,1
pay,ryot,1
railway,chief,1
prize,marksman,1
prize,expert,1
bow,enemy,1
arrow,enemy,1
brick,maker,1
letter,infant,1
mud,master,1
bed,watchman,1
roof,watchman,1
vegetable,master,1
lamp,master,1
bell,master,1
manure,master,1
crop,master,1
crop,mother,1
harvest,mother,1
cultivation,priest,1
bundle,master,1
sheaf,master,1
floor,headman,1
floor,master,1
basket,watchman,1
sickle,headman,1
table,watchman,1
cultivation,watchman,1
milk,sage,1
pestle,chief,1
mortar,chief,1
bangle,brother,1
bangle,giver,1
oil,daughter,1
fanam,master,1
rice,spouse,1
dish,chief,1
dish,guest,1
feast,friend,1
payment,son,1
payment,friend,1
handkerchief,friend,1
floor,friend,1
knife,friend,1
mat,mother,1
necklace,guardian,1
string,guardian,1
bead,guardian,1
silk,husband,1
tent,child,1
water,guardian,1
ground,midwife,1
drum,landlord,1
meal,landlord,1
oil,landlord,1
basket,elder,1
copper,elder,1
powder,singer,1
ground,singer,1
rice,singer,1
turmeric,singer,1
pole,elder,1
anna,priest,1
mound,son,1
mound,nephew,1
earth,chief,1
earth,nephew,1
earth,mourner,1
mound,driver,1
feast,mourner,1
hair,mourner,1
toddy,goddess,1
pipe,goddess,1
pulse,priest,1
car,bridegroom,1
table,father,1
pot,aunt,1
rice,aunt,1
lathe,artisan,1
bow,artisan,1
string,artisan,1
floor,artisan,1
wood,artisan,1
roll,headman,1
hole,headman,1
garland,headman,1
post,headman,1
curry,father,1
curry,bride,1
food,daughter,1
plate,daughter,1
thread,headman,1
thread,elder,1
thread,cutter,1
rice,cutter,1
turmeric,elder,1
turmeric,cutter,1
nut,headman,1
nut,elder,1
chank,bridegroom,1
nut,brother,1
expense,thief,1
door,novice,1
garland,uncle,1
garland,prostitute,1
idol,uncle,1
idol,prostitute,1
lamp,prostitute,1
pay,delinquent,1
art,housewife,1
tāli,consort,1
flesh,poet,1
money,official,1
cotton,infant,1
produce,officer,1
produce,baby,1
car,partner,1
crop,police,1
object,heir,1
dagger,priest,1
sword,novice,1
lime,novice,1
drum,spouse,1
sword,spouse,1
weapon,bridegroom,1
lead,mother,1
art,master,1
attire,priest,1
attire,bridegroom,1
garland,priest,1
bed,priest,1
income,witness,1
ornament,mother,1
ground,niece,1
ground,prostitute,1
property,niece,1
property,pauper,1
money,prostitute,1
money,judge,1
curry,matron,1
smoke,owner,1
smoke,leader,1
car,owner,1
car,leader,1
weapon,goddess,1
edge,priest,1
lamp,pūjāri,1
jaggery,goddess,1
loom,servant,1
loom,official,1
fee,servant,1
fee,official,1
meat,husband,1
bowl,bride,1
wound,goddess,1
fruit,native,1
arrow,warrior,1
pipe,beggar,1
door,beggar,1
liquor,suitor,1
bone,grandmother,1
bone,grandfather,1
bone,father,1
bone,brother,1
hoof,messenger,1
horn,messenger,1
hair,messenger,1
bed,victim,1
oil,ancestor,1
bone,ancestor,1
wood,king,1
cross,police,1
food,friend,1
pole,dancer,1
edict,king,1
loom,heir,1
ring,heir,1
metal,thief,1
lamp,thief,1
drum,thief,1
gong,thief,1
bell,thief,1
turban,goddess,1
food,saint,1
rice,saint,1
flesh,saint,1
butter,saint,1
heap,offspring,1
ash,offspring,1
gift,wife,1
pyre,husband,1
border,landlord,1
mortgage,master,1
money,sister,1
ring,sister,1
spirit,brother,1
cross,soldier,1
stock,soldier,1
cross,father,1
object,elder,1
land,offspring,1
cot,goddess,1
bar,child,1
bar,mother,1
flag,goddess,1
toddy,sage,1
lingam,husband,1
drum,keeper,1
post,widow,1
car,aliya,1
roll,child,1
air,child,1
air,mother,1
edge,child,1
spade,child,1
arrow,grandfather,1
ball,goddess,1
ball,owner,1
fine,daughter,1
payment,bridegroom,1
water,enemy,1
air,native,1
throne,wife,1
floor,assistant,1
image,bride,1
image,bridegroom,1
mortar,widow,1
wood,convert,1
sandal,convert,1
ivory,expert,1
jacket,bride,1
jacket,bridegroom,1
necklet,headman,1
necklet,mother,1
necklet,sister,1
necklet,bridegroom,1
letter,messenger,1
letter,chief,1
powder,bride,1
money,scavenger,1
feast,scavenger,1
switch,servant,1
tamarind,servant,1
pork,bride,1
land,commander,1
bali,ancestor,1
nāmam,barber,1
nāmam,mendicant,1
water,mendicant,1
pepper,chief,1
nut,chief,1
rear,stranger,1
hole,stranger,1
spirit,heir,1
dead,heir,1
tāli,pūjāri,1
disc,pūjāri,1
jewel,bridegroom,1
mask,thief,1
mask,bride,1
mask,bridegroom,1
rent,police,1
rent,headman,1
image,daughter,1
capital,daughter,1
garland,chief,1
property,slave,1
debt,slave,1
money,adult,1
money,labourer,1
rupee,adult,1
oil,labourer,1
rice,labourer,1
salt,labourer,1
salt,owner,1
ground,informant,1
dead,informant,1
fee,informant,1
soil,informant,1
lobe,celebrant,1
hole,celebrant,1
needle,celebrant,1
wound,celebrant,1
fire,messenger,1
ground,messenger,1
water,delinquent,1
dung,delinquent,1
salt,delinquent,1
drink,delinquent,1
cap,bridegroom,1
comb,headman,1
comb,bride,1
metal,headman,1
basket,headman,1
image,nephew,1
weapon,giant,1
property,uncle,1
post,purōhit,1
platform,potter,1
torch,bride,1
torch,bridegroom,1
stone,sage,1
earth,husband,1
earth,friend,1
hoe,wife,1
hoe,husband,1
hoe,bridegroom,1
hoe,friend,1
tank,friend,1
mat,washerman,1
cross,son,1
cross,mourner,1
bier,chief,1
bier,mourner,1
mark,mourner,1
chank,barber,1
chank,son,1
shell,barber,1
shell,son,1
pestle,son,1
liquor,chief,1
alcohol,headman,1
coffee,elder,1
grain,writer,1
ground,writer,1
produce,planter,1
dairy,planter,1
ground,infant,1
saffron,son,1
turmeric,wife,1
drum,client,1
straw,labourer,1
straw,chief,1
sheaf,labourer,1
sheaf,chief,1
grain,owner,1
harvest,owner,1
hook,performer,1
flesh,performer,1
garment,performer,1
hook,goddess,1
ground,devotee,1
shield,infant,1
shield,devotee,1
air,infant,1
air,devotee,1
car,infant,1
car,devotee,1
sword,infant,1
sword,devotee,1
grain,priest,1
club,pūjāri,1
border,pūjāri,1
spirit,grandmother,1
copper,brother,1
share,daughter,1
post,guardian,1
post,astrologer,1
post,goldsmith,1
ring,guardian,1
ring,astrologer,1
ring,goldsmith,1
silver,guardian,1
ring,wife,1
gate,mother,1
tāli,guardian,1
money,guardian,1
dish,guardian,1
nut,guardian,1
mat,guardian,1
lime,guardian,1
lime,husband,1
bundle,elder,1
coin,elder,1
gold,elder,1
rupee,elder,1
gate,aunt,1
fee,husband,1
fee,daughter,1
fee,aunt,1
tamarind,wife,1
ring,husband,1
vessel,guardian,1
torch,heir,1
torch,priest,1
pyre,heir,1
pyre,priest,1
plank,carpenter,1
paste,carpenter,1
sandal,carpenter,1
impression,carpenter,1
instrument,priest,1
iron,priest,1
slab,son,1
slab,chief,1
seat,priest,1
clay,chief,1
food,guard,1
drink,guard,1
arrow,king,1
milk,consort,1
payment,peon,1
sugar,uncle,1
jaggery,uncle,1
rupee,assistant,1
grain,father,1
weapon,adversary,1
instrument,adversary,1
spirit,conqueror,1
spirit,guard,1
saw,wrestler,1
saw,constable,1
saw,police,1
plate,merchant,1
revenue,merchant,1
ship,merchant,1
copper,traveller,1
copper,resident,1
dress,native,1
pith,dāsis,1
pipe,guru,1
silver,guru,1
copper,guru,1
brass,guard,1
chair,guard,1
garb,soldier,1
umbrella,soldier,1
turban,soldier,1
coat,soldier,1
pay,butler,1
pay,servant,1
milk,virgin,1
door,student,1
spade,gardener,1
instrument,gardener,1
cultivation,gardener,1
hoe,gardener,1
fire,official,1
book,wife,1
fibre,child,1
coin,contractor,1
food,contractor,1
money,contractor,1
ladder,son,1
honey,wife,1
carcase,child,1
badge,mother,1
turban,mother,1
turban,sister,1
floor,informant,1
comb,officer,1
glass,officer,1
water,housewife,1
comb,wife,1
necklet,baby,1
salt,worker,1
bit,uncle,1
bit,daughter,1
bit,aunt,1
clothing,headman,1
clothing,uncle,1
clothing,daughter,1
clothing,aunt,1
wire,devotee,1
wire,goddess,1
metal,devotee,1
image,devotee,1
paste,goddess,1
coin,brother,1
fanam,brother,1
board,native,1
stick,expert,1
door,witness,1
lobe,police,1
fine,master,1
straw,owner,1
vehicle,driver,1
sugar,official,1
spirit,merchant,1
plough,agriculturist,1
horn,husband,1
hair,sister,1
necklace,child,1
straw,wife,1
butter,sister,1
paddy,sister,1
string,washerman,1
stone,sister,1
pyre,baby,1
idol,bride,1
fish,brother,1
feast,victim,1
feast,donor,1
meal,pūjāri,1
meal,victim,1
share,pūjāri,1
curry,pūjāri,1
shell,purōhit,1
jewel,enemy,1
ornament,enemy,1
produce,king,1
ornament,king,1
bow,barber,1
bar,bride,1
clay,traveller,1
stone,carpenter,1
brass,mason,1
brass,carpenter,1
brass,goldsmith,1
turban,child,1
nut,king,1
pan,son,1
metal,native,1
stone,native,1
wood,native,1
jewellery,chief,1
jewellery,native,1
idol,maker,1
idol,ancestor,1
stone,expert,1
wood,priest,1
copper,artisan,1
ceiling,owner,1
liquor,owner,1
meal,owner,1
share,carpenter,1
feast,carpenter,1
gold,carpenter,1
silk,carpenter,1
deposit,bride,1
deposit,wife,1
paddy,infant,1
paddy,father,1
meat,bridegroom,1
spirit,washerman,1
stone,merchant,1
gold,merchant,1
brass,merchant,1
water,carpenter,1
soap,daughter,1
soap,carpenter,1
ashes,daughter,1
ashes,carpenter,1
cross,washerwoman,1
cross,daughter,1
idol,goldsmith,1
umbrella,sister,1
water,pilgrim,1
pot,pilgrim,1
brass,brother,1
brass,pilgrim,1
badge,matron,1
metal,goldsmith,1
metal,chief,1
ivory,chief,1
art,chief,1
pie,baby,1
pie,official,1
fibre,bridegroom,1
soap,bridegroom,1
sugar,husband,1
tank,mourner,1
expense,complainant,1
expense,traveller,1
expense,householder,1
property,traveller,1
property,householder,1
hole,ruler,1
fire,ruler,1
stick,ruler,1
honey,resident,1
rock,resident,1
moon,dwarf,1
meat,pūjāri,1
cultivation,headman,1
rice,giant,1
flag,giant,1
harvest,giant,1
stick,performer,1
heap,dancer,1
wood,dancer,1
ashes,dancer,1
wound,dancer,1
fluid,dancer,1
badge,infant,1
mat,infant,1
ganja,son,1
hemp,son,1
lamp,ancestor,1
dead,ancestor,1
platform,ancestor,1
ashes,friend,1
torch,wife,1
hole,chief,1
ring,chief,1
harvest,astrologer,1
bag,astrologer,1
planet,goddess,1
planet,guru,1
planet,preceptor,1
meal,brother,1
gift,astrologer,1
hair,headman,1
lock,headman,1
lock,victim,1
linga,chief,1
orange,priest,1
fund,treasurer,1
basket,treasurer,1
bottu,cultivator,1
bangle,cultivator,1
bottu,adult,1
tāli,adult,1
emblem,adult,1
glass,bridegroom,1
urine,washerman,1
milk,washerman,1
turmeric,washerman,1
turmeric,king,1
copper,custodian,1
copper,driver,1
herd,king,1
pot,driver,1
milk,driver,1
hoof,king,1
rock,king,1
shadow,king,1
tamarind,king,1
cultivation,cultivator,1
fire,matron,1
ornament,son,1
jewel,son,1
water,poet,1
share,servant,1
ornament,owner,1
property,washerwoman,1
paste,purōhit,1
canopy,washerman,1
oil,washerman,1
roof,washerman,1
bottu,potter,1
bottu,goldsmith,1
badge,potter,1
badge,goldsmith,1
tray,barber,1
floor,barber,1
cord,chief,1
garment,bride,1
garment,chief,1
glass,husband,1
dead,barber,1
food,king,1
beef,correspondent,1
mutton,correspondent,1
beef,butcher,1
mutton,butcher,1
gun,wrestler,1
coral,wrestler,1
cart,wrestler,1
nāmam,cooly,1
trident,cooly,1
seat,cooly,1
mark,cooly,1
palanquin,weaver,1
palanquin,barber,1
palanquin,fisherman,1
palanquin,potter,1
hair,bachelor,1
water,progenitor,1
razor,progenitor,1
mud,barber,1
mud,progenitor,1
rock,barber,1
rock,progenitor,1
income,barber,1
sugar,weaver,1
gold,weaver,1
salt,weaver,1
cane,weaver,1
cap,weaver,1
border,barber,1
border,bridegroom,1
razor,husband,1
razor,priest,1
jewel,chief,1
jewel,mourner,1
razor,blacksmith,1
bead,father,1
hair,native,1
box,goldsmith,1
fruit,mother,1
knife,mother,1
palanquin,widow,1
opium,patient,1
pot,patient,1
oil,operator,1
oil,assistant,1
razor,operator,1
razor,assistant,1
wound,operator,1
wound,assistant,1
bed,patient,1
milk,patient,1
wound,patient,1
flag,bearer,1
rent,artist,1
emblem,father,1
ārathi,husband,1
ārathi,child,1
tāli,child,1
moon,son,1
palanquin,king,1
site,king,1
object,king,1
art,ruler,1
ring,native,1
attire,native,1
silver,worker,1
property,purōhit,1
doll,bride,1
doll,bridegroom,1
dead,guru,1
wall,writer,1
dead,writer,1
turmeric,writer,1
book,priest,1
flour,priest,1
wall,minister,1
cargo,owner,1
vessel,owner,1
boat,saint,1
plate,priest,1
rupee,guru,1
stool,thief,1
tax,minister,1
pie,king,1
milk,minister,1
vessel,minister,1
vessel,king,1
pork,husband,1
fire,police,1
bundle,suitor,1
bundle,parent,1
rice,suitor,1
rice,parent,1
dead,adult,1
axe,ancestor,1
brass,ancestor,1
flesh,mother,1
rupee,son,1
clothing,child,1
oil,victim,1
pole,victim,1
plate,victim,1
silk,victim,1
piece,victim,1
hole,priest,1
idol,victim,1
wound,priest,1
wound,victim,1
grain,victim,1
ashes,victim,1
knife,victim,1
flesh,bearer,1
clothing,priest,1
rear,father,1
rear,bride,1
cot,brother,1
saw,correspondent,1
saw,bride,1
blanket,correspondent,1
flesh,uncle,1
pay,betrothed,1
castor,midwife,1
oil,midwife,1
piece,baby,1
charcoal,baby,1
castor,infant,1
castor,mother,1
fire,infant,1
sickle,child,1
food,headman,1
pot,progenitor,1
soil,child,1
door,chief,1
beef,eater,1
flesh,eater,1
heap,priest,1
drum,victim,1
dead,sister,1
pestle,king,1
moon,barber,1
torch,chief,1
torch,mourner,1
butter,barber,1
food,merchant,1
soil,slave,1
capital,invader,1
capital,slave,1
pot,slave,1
coin,slave,1
metal,slave,1
metal,owner,1
water,slave,1
oil,slave,1
plate,slave,1
plate,owner,1
gold,slave,1
gold,owner,1
oil,master,1
hair,slave,1
hair,master,1
salt,slave,1
piece,master,1
pay,slave,1
basket,neighbour,1
basket,baby,1
mat,baby,1
lead,master,1
floor,guest,1
food,butler,1
grain,neighbour,1
rice,neighbour,1
plate,neighbour,1
cup,butler,1
ground,butler,1
fire,headman,1
share,slave,1
dead,slave,1
flesh,slave,1
fine,butler,1
water,winner,1
rice,winner,1
sugar,nomad,1
jaggery,nomad,1
pack,nomad,1
salt,nomad,1
curry,nomad,1
salt,police,1
object,guard,1
pack,headman,1
ball,victim,1
garland,wife,1
garland,daughter,1
gold,officer,1
jewelry,mother,1
pack,writer,1
vōli,brother,1
vōli,wife,1
vōli,husband,1
vōli,uncle,1
drink,uncle,1
door,attendant,1
tray,elder,1
plank,brother,1
payment,uncle,1
toddy,uncle,1
fine,child,1
necklet,widow,1
piece,priest,1
string,maid,1
piece,goldsmith,1
produce,sister,1
debt,wife,1
debt,husband,1
bar,wife,1
urine,barber,1
earth,midwife,1
jaggery,infant,1
cotton,child,1
moon,infant,1
stimulant,husband,1
medicine,husband,1
drink,midwife,1
medicine,wife,1
tattoo,police,1
dead,nomad,1
food,offspring,1
fire,mourner,1
soil,chief,1
soil,mourner,1
pack,child,1
juice,headman,1
book,informant,1
expense,assistant,1
vegetable,wife,1
axe,blacksmith,1
feast,blacksmith,1
moon,blacksmith,1
ring,blacksmith,1
gold,blacksmith,1
ornament,blacksmith,1
butter,palol,1
roof,wife,1
roof,husband,1
dead,carpenter,1
corpse,expert,1
opium,blacksmith,1
opium,widow,1
jewellery,blacksmith,1
corpse,blacksmith,1
roller,blacksmith,1
roller,widow,1
dead,blacksmith,1
bangle,blacksmith,1
brass,widow,1
basket,widow,1
table,husband,1
table,widow,1
cot,husband,1
board,child,1
fire,elder,1
share,brother,1
ring,potter,1
pit,potter,1
carcase,king,1
cart,brother,1
cart,bridegroom,1
cart,elder,1
pay,elder,1
dead,king,1
cart,king,1
liquor,guardian,1
fine,bridegroom,1
pot,baby,1
needle,consort,1
vōli,father,1
rāgi,father,1
rāgi,mother,1
wood,child,1
cot,mother,1
coin,father,1
rain,child,1
mud,diviner,1
spirit,diviner,1
drink,nephew,1
stool,goddess,1
heap,goddess,1
site,inmate,1
image,inmate,1
saw,friend,1
mud,pūjāri,1
rain,patron,1
ground,attendant,1
drum,attendant,1
tank,priest,1
share,attendant,1
share,priest,1
money,custodian,1
rice,hunter,1
paddy,hunter,1
crop,pūjāri,1
corpse,enemy,1
cot,enemy,1
bone,victim,1
bed,nephew,1
attire,enemy,1
money,enemy,1
book,diviner,1
silver,diviner,1
platter,sorcerer,1
stick,victim,1
payment,physician,1
payment,sorcerer,1
powder,victim,1
roll,traveller,1
tobacco,traveller,1
fruit,traveller,1
smoke,child,1
fan,child,1
straw,child,1
bundle,child,1
clothing,father,1
air,bride,1
air,bridegroom,1
ornament,brother,1
property,prince,1
revenue,prince,1
plank,goddess,1
sword,uncle,1
gate,priest,1
rice,farmer,1
wage,slave,1
wage,farmer,1
wage,landlord,1
curry,chief,1
paddy,keeper,1
axe,landlord,1
corpse,landlord,1
dead,landlord,1
wood,landlord,1
fuel,landlord,1
piece,landlord,1
meal,chief,1
meal,mourner,1
rent,dāsis,1
paste,headman,1
sandal,headman,1
dead,tailor,1
water,contractor,1
rent,contractor,1
pay,contractor,1
rent,owner,1
plough,owner,1
ashes,owner,1
mark,guard,1
drum,mendicant,1
glass,mendicant,1
oven,mother,1
oven,bridegroom,1
cord,patient,1
hair,patient,1
earth,maker,1
pot,maker,1
clay,enemy,1
pot,adult,1
pot,infant,1
butter,peon,1
water,maid,1
water,peon,1
door,uncle,1
badge,heir,1
badge,consort,1
badge,son,1
silver,heir,1
silver,consort,1
bangle,consort,1
property,consort,1
dish,wife,1
silver,partner,1
expense,husband,1
gold,performer,1
rice,peon,1
paddy,peon,1
roof,child,1
post,runner,1
post,peon,1
cultivation,runner,1
cultivation,peon,1
bullet,landlord,1
flesh,landlord,1
arrow,landlord,1
coin,goddess,1
coin,spouse,1
money,spouse,1
silver,spouse,1
box,priest,1
ornament,child,1
bracelet,offspring,1
thread,offspring,1
lingam,headman,1
lingam,guru,1
blanket,guru,1
ball,witness,1
vessel,witness,1
brass,witness,1
ashes,witness,1
tāli,mendicant,1
pot,heir,1
bier,heir,1
dead,goddess,1
tāli,ancestor,1
mound,goddess,1
bow,priest,1
fire,expert,1
thorn,chief,1
honey,headman,1
honey,carpenter,1
flesh,pūjāri,1
smoke,bride,1
roll,bride,1
honey,hillman,1
honey,sportsman,1
honey,nomad,1
brass,aunt,1
tank,aunt,1
water,aunt,1
clay,bridegroom,1
floor,infant,1
floor,child,1
rod,infant,1
rod,child,1
book,infant,1
book,child,1
iron,infant,1
thread,matron,1
pack,elder,1
hair,elder,1
horn,leader,1
pack,leader,1
plate,headman,1
thread,artisan,1
lingam,potter,1
clay,headman,1
pay,pūjāri,1
mark,potter,1
pile,potter,1
rope,dancer,1
gun,owner,1
tin,owner,1
ivory,child,1
book,physician,1
throne,leader,1
brass,daughter,1
bottu,son,1
bottu,child,1
bottu,mother,1
phonograph,husband,1
phonograph,widow,1
payment,widow,1
pay,goddess,1
silver,tailor,1
image,tailor,1
heirloom,tailor,1
mud,headman,1
mud,wife,1
bell,donor,1
throne,master,1
throne,chief,1
spirit,sister,1
fruit,son,1
wall,king,1
linga,father,1
lingam,leveller,1
garland,child,1
garland,guru,1
text,child,1
text,guru,1
linga,infant,1
dish,child,1
lingam,merchant,1
platform,merchant,1
object,author,1
object,devotee,1
vehicle,sage,1
vehicle,servant,1
vehicle,master,1
image,servant,1
image,master,1
pole,founder,1
flag,founder,1
image,founder,1
curds,convert,1
water,convert,1
paste,convert,1
milk,convert,1
butter,convert,1
drink,convert,1
lingam,convert,1
honey,convert,1
payment,guru,1
paste,mother,1
powder,midwife,1
thread,midwife,1
water,midwife,1
rice,midwife,1
door,midwife,1
turmeric,midwife,1
piece,midwife,1
flag,mother,1
money,midwife,1
cap,bride,1
cotton,guru,1
bangle,headman,1
bangle,seller,1
earth,consort,1
image,consort,1
string,goddess,1
fruit,goddess,1
incense,goddess,1
string,pūjāri,1
silk,pūjāri,1
gold,son,1
meal,patient,1
toddy,sweeper,1
toddy,butcher,1
toddy,seller,1
toddy,scavenger,1
food,cultivator,1
bed,mendicant,1
ground,keeper,1
pie,keeper,1
trident,master,1
necklace,master,1
knife,master,1
water,saint,1
pot,saint,1
rice,novice,1
saw,warrior,1
water,warrior,1
rent,virgin,1
rent,goddess,1
rope,goddess,1
piece,goddess,1
sword,virgin,1
pit,virgin,1
pit,father,1
powder,novice,1
turmeric,novice,1
necklet,novice,1
plough,son,1
bag,infant,1
lamp,victim,1
cream,son,1
cream,guest,1
flesh,son,1
flesh,guest,1
meat,son,1
meat,guest,1
pool,king,1
payment,widower,1
payment,witness,1
bead,uncle,1
disc,widow,1
thread,successor,1
thread,candidate,1
food,celebrant,1
food,rishi,1
ladle,headman,1
brass,headman,1
emblem,headman,1
curds,potter,1
idol,potter,1
butter,potter,1
cart,pūjāri,1
clay,goddess,1
rice,carpenter,1
wood,potter,1
earth,washerman,1
image,potter,1
image,carpenter,1
straw,goddess,1
pot,parent,1
image,washerman,1
horn,goddess,1
saw,employer,1
medicine,expert,1
medicine,officer,1
revenue,expert,1
revenue,physician,1
produce,native,1
bodice,father,1
blanket,weaver,1
dowry,uncle,1
grain,goldsmith,1
feast,potter,1
smoke,potter,1
ground,potter,1
incense,potter,1
anna,potter,1
piece,potter,1
floor,goddess,1
knife,goddess,1
garlic,bride,1
grain,potter,1
wealth,mother,1
crown,bride,1
loom,bride,1
jewel,priest,1
wall,husband,1
heap,husband,1
indigo,bridegroom,1
indigo,daughter,1
drink,bearer,1
sugar,messenger,1
jaggery,messenger,1
bag,servant,1
turmeric,servant,1
string,uncle,1
grain,midwife,1
basket,midwife,1
sickle,mother,1
string,wife,1
cot,wife,1
spirit,native,1
nāmam,widow,1
plate,widow,1
ring,widower,1
hair,priest,1
food,beggar,1
milk,goddess,1
paddy,goddess,1
ornament,father,1
beer,child,1
club,wife,1
ground,master,1
corpse,master,1
corpse,friend,1
meat,heir,1
idol,heir,1
idol,sorcerer,1
sword,heir,1
sword,sorcerer,1
bangle,sorcerer,1
property,trader,1
property,landlord,1
food,trader,1
rice,trader,1
food,landlord,1
skirt,mother,1
bit,mother,1
stick,elder,1
saw,writer,1
loom,father,1
pillar,writer,1
heap,writer,1
cane,bride,1
mask,giant,1
ring,giant,1
food,sister,1
air,husband,1
prize,winner,1
powder,pūjāri,1
pool,offspring,1
fluid,offspring,1
car,pūjāri,1
saw,pūjāri,1
rope,pūjāri,1
rope,inhabitant,1
umbrella,guru,1
screen,guru,1
mutton,guru,1
pork,guru,1
grain,headman,1
emblem,bride,1
seat,guru,1
hair,author,1
tattoo,author,1
gun,priest,1
air,priest,1
stick,daughter,1
pile,father,1
pile,bridegroom,1
sword,headman,1
air,goddess,1
medicine,goddess,1
medicine,pūjāri,1
comb,goddess,1
surface,goddess,1
pay,employer,1
harvest,employer,1
revenue,headman,1
pipe,astrologer,1
wood,performer,1
costume,performer,1
income,expert,1
powder,performer,1
paste,performer,1
turmeric,performer,1
flour,performer,1
lime,performer,1
plank,performer,1
platter,son,1
land,father,1
mat,brother,1
gun,chief,1
gun,mourner,1
stock,headman,1
wood,headman,1
castor,child,1
flute,expert,1
knife,heir,1
knife,cooly,1
heirloom,cooly,1
capital,prince,1
capital,convert,1
soil,agriculturist,1
deposit,saint,1
dress,ancestor,1
drink,patient,1
cane,patient,1
sugar,convert,1
jaggery,convert,1
toddy,convert,1
text,priest,1
net,widow,1
feast,king,1
timber,merchant,1
tobacco,hawker,1
tobacco,soldier,1
tea,hawker,1
tea,soldier,1
tea,native,1
coffee,hawker,1
coffee,soldier,1
coffee,native,1
plate,patient,1
wealth,chief,1
boat,overlord,1
produce,overlord,1
sugar,devotee,1
money,devotee,1
lime,devotee,1
spirit,disciple,1
spirit,master,1
spirit,saint,1
spirit,pupil,1
tamarind,bride,1
tamarind,bridegroom,1
garment,priest,1
drum,expert,1
spirit,father,1
wood,worker,1
palanquin,witness,1
ivory,witness,1
pile,descendant,1
water,descendant,1
pot,descendant,1
ground,descendant,1
cross,king,1
roll,chieftain,1
spirit,thief,1
fanam,householder,1
anna,householder,1
mud,householder,1
pay,householder,1
harvest,enemy,1
track,police,1
lead,husbandmen,1
earth,stranger,1
meal,stranger,1
crown,bearer,1
box,father,1
cake,uncle,1
dish,uncle,1
manuscript,attendant,1
manuscript,husband,1
tāli,attendant,1
seat,husband,1
seat,widow,1
shell,elder,1
fire,offspring,1
rice,offspring,1
seat,offspring,1
cup,mother,1
paste,husband,1
paste,sister,1
iron,husband,1
iron,sister,1
flour,sister,1
lamp,chief,1
lamp,mourner,1
flour,son,1
flour,chief,1
flour,mourner,1
vessel,karta,1
pot,karta,1
cash,barber,1
sugar,karta,1
grain,karta,1
food,karta,1
lamp,karta,1
pulse,karta,1
money,karta,1
meal,father,1
meal,karta,1
oil,karta,1
wall,barber,1
wall,wife,1
wall,chief,1
wall,mourner,1
grain,mourner,1
stick,barber,1
stick,wife,1
stick,chief,1
stick,mourner,1
football,official,1
weapon,thrower,1
hole,ancestor,1
soil,ancestor,1
table,fisherman,1
table,official,1
dish,fisherman,1
dish,official,1
pay,official,1
share,barber,1
fish,barber,1
object,barber,1
hook,wife,1
grain,king,1
pillar,bride,1
pillar,daughter,1
grain,daughter,1
castor,cultivator,1
oil,cultivator,1
linga,cultivator,1
ashes,cultivator,1
moon,astrologer,1
silver,husband,1
cart,husband,1
ring,carpenter,1
fee,carpenter,1
cart,zemindar,1
idol,widow,1
powder,maker,1
powder,contractor,1
powder,painter,1
tax,officer,1
income,officer,1
bit,friend,1
property,elder,1
hook,nephew,1
blanket,nephew,1
moon,celibate,1
share,prey,1
fish,customer,1
water,planter,1
oil,planter,1
fish,planter,1
manure,planter,1
weapon,bearer,1
spirit,bearer,1
sword,bearer,1
knife,bearer,1
coat,bride,1
fee,father,1
fee,wife,1
fee,mother,1
paste,son,1
sandal,son,1
tamarind,son,1
food,sage,1
powder,expert,1
vehicle,child,1
land,friend,1
book,leader,1
land,priest,1
land,pūjāri,1
gong,priest,1
bell,priest,1
sword,pūjāri,1
bell,pūjāri,1
fee,dancer,1
cot,pūjāri,1
stool,pūjāri,1
metal,pūjāri,1
jewelry,pūjāri,1
axe,mother,1
post,partner,1
fire,servant,1
box,son,1
box,servant,1
box,wife,1
seat,writer,1
seat,native,1
floor,writer,1
floor,native,1
property,manager,1
rice,householder,1
meal,householder,1
lead,widow,1
metal,enemy,1
gold,enemy,1
ground,ruler,1
spirit,expert,1
jewelry,thief,1
curds,virgin,1
sugar,virgin,1
water,virgin,1
pot,virgin,1
rice,virgin,1
honey,virgin,1
litter,virgin,1
cane,virgin,1
bundle,householder,1
fire,householder,1
vessel,householder,1
tāli,guard,1
string,chief,1
string,guard,1
mirror,chief,1
mirror,guard,1
arrow,chief,1
arrow,guard,1
wealth,friend,1
litter,bride,1
litter,bridegroom,1
lamp,guard,1
lamp,father,1
hearth,bride,1
garland,father,1
reflection,bride,1
reflection,brother,1
mirror,brother,1
surface,bride,1
surface,brother,1
paddy,brother,1
ghee,brother,1
pole,bride,1
star,husband,1
umbrella,wife,1
fruit,chief,1
juice,offspring,1
juice,chief,1
curds,wife,1
curds,husband,1
curds,offspring,1
curds,chief,1
grain,offspring,1
hair,offspring,1
barley,wife,1
barley,husband,1
barley,offspring,1
barley,chief,1
ghee,father,1
ash,father,1
pot,performer,1
pyre,performer,1
water,witness,1
earth,performer,1
ashes,performer,1
tank,performer,1
pay,mother,1
pay,spectator,1
door,servant,1
door,maid,1
dead,guardian,1
capital,consort,1
lamp,saint,1
fee,teacher,1
stick,preceptor,1
wood,preceptor,1
vessel,guru,1
canopy,prince,1
money,widow,1
pay,widow,1
thread,karta,1
badge,aunt,1
wick,uncle,1
butter,uncle,1
bed,son,1
money,poet,1
pay,assistant,1
board,employer,1
share,employer,1
crown,ruler,1
ashes,preceptor,1
food,manager,1
water,manager,1
water,stranger,1
drink,manager,1
drink,stranger,1
turmeric,manager,1
turmeric,stranger,1
tin,bride,1
tin,bridegroom,1
uppu,bride,1
uppu,bridegroom,1
money,servant,1
gold,servant,1
dowry,servant,1
bundle,sister,1
bundle,cooly,1
milk,cooly,1
vessel,cooly,1
shell,mother,1
instrument,mother,1
sandal,mother,1
juice,sister,1
drink,sister,1
coral,purōhit,1
glass,child,1
glass,uncle,1
tray,aunt,1
bead,child,1
table,goddess,1
pipe,dāsis,1
flute,dāsis,1
bag,dāsis,1
drum,dāsis,1
chair,victim,1
umbrella,patient,1
stick,patient,1
blanket,patient,1
turmeric,patient,1
mustard,patient,1
stick,father,1
stick,husband,1
stick,owner,1
corpse,patient,1
dead,patient,1
gun,son,1
flesh,chief,1
rice,ancestor,1
tent,uncle,1
tent,nephew,1
saw,nephew,1
lamp,nephew,1
brass,uncle,1
brass,nephew,1
money,accountant,1
silk,consort,1
paddy,chieftain,1
tāli,servant,1
tāli,master,1
crown,father,1
crown,brother,1
crown,mother,1
blanket,father,1
sword,astrologer,1
sword,purōhit,1
arrow,priest,1
arrow,astrologer,1
glass,astrologer,1
turmeric,native,1
canopy,weaver,1
gate,guard,1
shield,guard,1
sword,guard,1
bit,father,1
bit,goldsmith,1
hole,father,1
anna,goldsmith,1
money,villager,1
idol,mother,1
clay,mother,1
clay,daughter,1
pole,astrologer,1
hole,mother,1
hole,daughter,1
jewel,mother,1
jewel,daughter,1
string,daughter,1
gold,daughter,1
silk,daughter,1
jewel,friend,1
gold,friend,1
tāli,virgin,1
jewel,virgin,1
piece,astrologer,1
money,astrologer,1
door,aunt,1
stuff,bride,1
pillow,wife,1
pillow,bridegroom,1
wine,bride,1
juice,uncle,1
cup,uncle,1
metal,babe,1
drum,babe,1
bell,babe,1
knife,sister,1
hole,brother,1
floor,father,1
floor,uncle,1
mortar,child,1
post,child,1
star,child,1
plank,child,1
salt,child,1
urine,child,1
charcoal,child,1
lime,child,1
weapon,washerman,1
string,goldsmith,1
gold,baby,1
silver,baby,1
copper,baby,1
copper,father,1
copper,goldsmith,1
lead,baby,1
lead,father,1
lead,goldsmith,1
iron,baby,1
iron,father,1
iron,goldsmith,1
curry,child,1
fanam,child,1
strip,child,1
cash,child,1
key,teacher,1
key,child,1
gold,operator,1
silver,operator,1
cup,traveller,1
water,traveller,1
ring,traveller,1
gold,traveller,1
piece,traveller,1
spirit,adult,1
rice,adult,1
pyre,adult,1
pyre,brother,1
pyre,sister,1
hair,nephew,1
weapon,saint,1
ground,saint,1
seat,saint,1
sword,saint,1
emblem,saint,1
throne,consort,1
throne,planter,1
rice,consort,1
rice,planter,1
bangle,messenger,1
feast,villager,1
silver,servant,1
flag,servant,1
umbrella,blacksmith,1
silver,blacksmith,1
pole,headman,1
wick,dancer,1
lamp,dancer,1
fluid,priest,1
fluid,goddess,1
fluid,chief,1
hook,priest,1
hook,chief,1
rice,servant,1
flesh,servant,1
thread,goldsmith,1
umbrella,uncle,1
umbrella,nephew,1
silver,uncle,1
silver,nephew,1
string,infant,1
silver,infant,1
silver,offspring,1
image,child,1
image,offspring,1
pot,leader,1
ghee,leader,1
plate,pilgrim,1
orange,pilgrim,1
ashes,beggar,1
money,beggar,1
silver,pilgrim,1
lock,pilgrim,1
water,attendant,1
toddy,attendant,1
deposit,headman,1
bag,brother,1
bag,native,1
money,native,1
stick,brother,1
stick,native,1
shield,dancer,1
metal,dancer,1
idol,king,1
car,king,1
land,goldsmith,1
revenue,goldsmith,1
anna,assistant,1
share,labourer,1
tank,seller,1
ladle,friend,1
pot,friend,1
meal,friend,1
stake,bride,1
stake,bridegroom,1
stick,king,1
edge,widower,1
edge,widow,1
water,widower,1
bottu,brother,1
musk,headman,1
star,wife,1
emblem,wife,1
tāli,soothsayer,1
dowry,child,1
sugar,daughter,1
sugar,aunt,1
jaggery,daughter,1
jaggery,aunt,1
rice,messenger,1
loom,goddess,1
linga,enemy,1
piece,saint,1
pile,bride,1
screw,bride,1
chaplet,bride,1
grain,sorcerer,1
cup,sorcerer,1
vessel,sorcerer,1
revenue,attendant,1
revenue,messenger,1
revenue,watchman,1
pile,performer,1
tent,performer,1
pole,performer,1
drum,performer,1
wound,performer,1
rock,native,1
food,victim,1
string,victim,1
platform,victim,1
honey,hunter,1
tobacco,contractor,1
salt,contractor,1
fruit,contractor,1
rear,contractor,1
hook,expert,1
wood,expert,1
railway,blacksmith,1
railway,cultivator,1
railway,peon,1
railway,gardener,1
railway,cooly,1
tax,blacksmith,1
tax,cultivator,1
tax,peon,1
tax,gardener,1
tax,cooly,1
grain,landowner,1
land,landowner,1
marakkāls,landowner,1
paste,uncle,1
fruit,uncle,1
sandal,uncle,1
metal,barber,1
tāli,assistant,1
butter,wife,1
tray,grandfather,1
money,grandfather,1
dung,bride,1
surface,sister,1
fire,native,1
book,native,1
book,reader,1
poem,author,1
poem,king,1
tank,brother,1
meat,adult,1
meat,widow,1
dress,stranger,1
throne,bridegroom,1
necklace,priest,1
pile,goddess,1
pariyam,headman,1
stone,brother,1
patch,bridegroom,1
water,baby,1
dung,baby,1
turban,adult,1
tax,adult,1
pay,adult,1
umbrella,barber,1
dress,washerman,1
saw,washerman,1
saw,carpenter,1
shield,son,1
shield,chief,1
shield,mourner,1
spear,son,1
spear,chief,1
spear,mourner,1
silver,mourner,1
sword,mourner,1
bangle,chief,1
bangle,mourner,1
umbrella,mourner,1
fire,sorcerer,1
toddy,sorcerer,1
drum,chief,1
vessel,stranger,1
lingam,celibate,1
flesh,mendicant,1
lingam,mendicant,1
instrument,dāsis,1
fish,prey,1
surface,prey,1
wood,runner,1
bundle,betrothed,1
stock,child,1
corpse,scavenger,1
paste,attendant,1
rice,attendant,1
butter,attendant,1
flour,attendant,1
ground,performer,1
platform,chief,1
clothing,goddess,1
tāli,goddess,1
beef,priest,1
beef,wife,1
ground,delinquent,1
heap,delinquent,1
basket,delinquent,1
earth,headman,1
pot,headman,1
moon,headman,1
fanam,headman,1
fee,potter,1
paddy,potter,1
pumpkin,potter,1
box,headman,1
urine,celebrant,1
urine,priest,1
milk,celebrant,1
post,celebrant,1
turmeric,celebrant,1
tank,cousin,1
hole,bride,1
hole,bridegroom,1
camphor,wife,1
dowry,headman,1
screen,mother,1
screen,sister,1
mortar,mother,1
mortar,elder,1
water,elder,1
dresser,goddess,1
dresser,wife,1
corpse,sorcerer,1
anna,barber,1
anna,son,1
mark,barber,1
vessel,son,1
ground,grandson,1
paddy,grandson,1
water,heir,1
vessel,heir,1
fish,heir,1
mortgage,son,1
pay,labourer,1
box,king,1
gift,daughter,1
box,daughter,1
pool,goddess,1
milk,neighbour,1
milk,donor,1
camphor,client,1
money,client,1
rice,client,1
paddy,client,1
toddy,client,1
flour,client,1
vehicle,enemy,1
wax,enemy,1
bone,goddess,1
bone,enemy,1
art,preceptor,1
liquor,disciple,1
oil,baby,1
oil,sorcerer,1
water,victim,1
shell,victim,1
turmeric,victim,1
ground,sorcerer,1
dung,sorcerer,1
mark,sorcerer,1
fine,official,1
lingam,wife,1
ashes,wife,1
milk,landlord,1
pot,police,1
ground,police,1
tāli,son,1
mortar,performer,1
dung,diviner,1
mortgage,landowner,1
pay,landowner,1
produce,landowner,1
fanam,priest,1
basket,maker,1
basket,offspring,1
basket,merchant,1
fish,son,1
fish,consort,1
fish,infant,1
badge,chief,1
pearl,king,1
chank,chief,1
produce,chief,1
pearl,judge,1
pearl,master,1
revenue,master,1
income,king,1
revenue,king,1
bit,wife,1
silk,king,1
art,king,1
produce,goddess,1
silk,resident,1
land,mother,1
silk,native,1
axe,barber,1
axe,patient,1
fan,barber,1
fan,patient,1
fuel,patient,1
heap,wife,1
rock,fisherman,1
boat,guard,1
flag,guard,1
cap,guard,1
straw,headman,1
object,headman,1
horn,widow,1
dish,widow,1
silver,messenger,1
gunny,sister,1
bag,sister,1
stock,sister,1
air,victim,1
object,priest,1
land,patron,1
thread,novice,1
tank,novice,1
ground,nephew,1
palanquin,cowherd,1
palanquin,founder,1
fence,bride,1
fence,bridegroom,1
fire,suitor,1
stick,suitor,1
pit,bride,1
fire,maid,1
stick,maid,1
drink,pūjāri,1
impression,attendant,1
wind,leader,1
key,leader,1
bracelet,husband,1
saw,husband,1
pit,stranger,1
egg,goddess,1
harvest,goddess,1
earth,mason,1
pot,servant,1
pot,maid,1
cross,performer,1
horn,performer,1
string,performer,1
object,enemy,1
ground,landlord,1
pay,landlord,1
earth,ruler,1
rear,chief,1
land,warrior,1
land,son,1
thread,dyer,1
thread,tailor,1
nut,dyer,1
nut,tailor,1
screen,chief,1
ladle,wife,1
necklace,wife,1
necklace,widow,1
sword,soldier,1
pack,descendant,1
screw,priest,1
screw,bridegroom,1
screw,purōhit,1
pillar,bridegroom,1
bundle,carpenter,1
bran,bridegroom,1
bran,purōhit,1
sugar,purōhit,1
wheat,bridegroom,1
wheat,purōhit,1
water,purōhit,1
cultivation,native,1
shoe,headman,1
fine,chief,1
dress,chief,1
product,chief,1
fine,weaver,1
feast,ancestor,1
camphor,pūjāri,1
share,master,1
revenue,chieftain,1
ornament,chief,1
property,contractor,1
dress,headman,1
pot,beggar,1
fan,mendicant,1
pot,mendicant,1
brass,mendicant,1
banner,king,1
mirror,king,1
rent,zemindar,1
rent,chief,1
cash,zemindar,1
cash,chief,1
flesh,headman,1
mortgage,headman,1
fire,zemindar,1
cultivation,husband,1
rupee,brother,1
pulse,father,1
pulse,mother,1
bangle,wife,1
pay,suitor,1
liquor,son,1
platter,bride,1
platter,bridegroom,1
gun,child,1
powder,child,1
platform,brother,1
wick,seller,1
land,seller,1
liquor,child,1
medicine,child,1
wick,patient,1
cup,patient,1
basket,mother,1
cup,father,1
arrow,patient,1
toddy,patient,1
fuel,son,1
fuel,wife,1
wall,expert,1
hole,expert,1
mud,expert,1
object,bridegroom,1
tank,pūjāri,1
earth,offspring,1
ashes,offspring,1
rupee,pūjāri,1
cap,pūjāri,1
ashes,goddess,1
cup,fisherman,1
cup,pūjāri,1
idol,fisherman,1
brass,fisherman,1
dress,fisherman,1
dress,pūjāri,1
bone,fisherman,1
bone,pūjāri,1
piece,fisherman,1
piece,pūjāri,1
lime,tailor,1
shoe,worker,1
coin,author,1
food,consort,1
post,son,1
post,ancestor,1
medicine,daughter,1
border,writer,1
fibre,guard,1
ring,guard,1
crop,guard,1
saw,teacher,1
saw,cultivator,1
saw,driver,1
saw,merchant,1
saw,cooly,1
cart,teacher,1
cart,cultivator,1
cart,merchant,1
cart,cooly,1
pile,witness,1
stone,witness,1
rāgi,son,1
linga,mother,1
ring,goddess,1
drum,police,1
floor,goldsmith,1
mud,goldsmith,1
embankment,goldsmith,1
art,goldsmith,1
drawers,offspring,1
toddy,offspring,1
food,dyer,1
drink,minister,1
pot,ancestor,1
water,patron,1
tank,patron,1
liquor,king,1
meal,ancestor,1
meat,ancestor,1
debt,lender,1
debt,sowcar,1
cash,lender,1
cash,sowcar,1
cash,son,1
food,sowcar,1
land,sowcar,1
land,brother,1
liquor,sowcar,1
food,prostitute,1
land,merchant,1
pepper,traveller,1
lead,king,1
lead,native,1
income,patron,1
income,saint,1
tin,priest,1
tin,astrologer,1
coin,mother,1
money,guru,1
lock,bride,1
lock,mother,1
lock,bridegroom,1
dress,uncle,1
expense,mother,1
hair,baby,1
track,guard,1
lock,guard,1
tāli,clergyman,1
ring,clergyman,1
thread,pupil,1
mark,performer,1
asterism,chief,1
rent,cultivator,1
payment,master,1
payment,farmer,1
produce,master,1
paddy,sorcerer,1
ashes,sorcerer,1
paste,servant,1
paste,priest,1
sandal,servant,1
sandal,priest,1
food,mourner,1
chank,bearer,1
fire,bearer,1
grain,ancestor,1
post,clerk,1
star,father,1
star,son,1
star,astrologer,1
star,daughter,1
door,sister,1
shield,bridegroom,1
property,parent,1
stool,astrologer,1
lamp,astrologer,1
cotton,astrologer,1
mat,sister,1
mortgage,landlord,1
border,sister,1
rear,friend,1
crown,barber,1
cross,barber,1
water,friend,1
rice,friend,1
lamp,friend,1
plate,friend,1
towel,bride,1
towel,bridegroom,1
handkerchief,mother,1
handkerchief,sister,1
sugar,mother,1
tobacco,chieftain,1
fee,chieftain,1
stuff,bridegroom,1
product,son,1
product,mother,1
product,daughter,1
product,stranger,1
bundle,accountant,1
tobacco,accountant,1
tobacco,giver,1
bundle,wife,1
bundle,mother,1
tobacco,wife,1
tobacco,mother,1
tobacco,sister,1
gate,father,1
gate,niece,1
stool,brother,1
stool,husband,1
stool,sister,1
stool,daughter,1
stool,niece,1
fanam,husband,1
fanam,sister,1
oil,husband,1
oil,sister,1
bread,sister,1
bread,uncle,1
stool,washerman,1
straw,washerman,1
silk,wife,1
silk,uncle,1
fanam,washerman,1
rope,washerman,1
metal,washerman,1
stick,washerman,1
plate,washerman,1
bell,washerman,1
juice,father,1
tamarind,father,1
jaggery,wife,1
jaggery,sister,1
fee,midwife,1
plate,brother,1
bell,child,1
pool,barber,1
milk,brother,1
bracelet,child,1
bag,husband,1
bag,child,1
flour,mother,1
mat,grandfather,1
door,elder,1
cake,landlord,1
gold,landlord,1
book,landlord,1
rice,teacher,1
plate,teacher,1
pill,doctor,1
letter,child,1
thorn,child,1
seat,carpenter,1
stick,blacksmith,1
arrow,blacksmith,1
fanam,goldsmith,1
rice,goldsmith,1
lamp,goldsmith,1
vessel,goldsmith,1
paddy,goldsmith,1
mat,wife,1
mat,uncle,1
fanam,father,1
gold,barber,1
ornament,barber,1
crown,wife,1
crown,uncle,1
wood,bridegroom,1
corpse,owner,1
cotton,owner,1
lamp,daughter,1
lamp,niece,1
mat,daughter,1
mat,niece,1
wick,son,1
iron,barber,1
handkerchief,barber,1
powder,barber,1
paddy,heir,1
basket,son,1
floor,washerman,1
powder,son,1
strip,son,1
salt,barber,1
property,barber,1
ring,barber,1
silk,barber,1
cotton,barber,1
jaggery,barber,1
drink,barber,1
jaggery,neighbour,1
spirit,celebrant,1
spirit,architect,1
spirit,carpenter,1
toddy,architect,1
toddy,carpenter,1
incense,architect,1
incense,carpenter,1
milk,owner,1
toddy,expert,1
juice,owner,1
tax,servant,1
fee,landlord,1
bed,guru,1
land,artisan,1
land,fisherman,1
revenue,artisan,1
revenue,fisherman,1
spirit,guardian,1
gift,artisan,1
tank,carpenter,1
door,king,1
knife,slave,1
crown,goldsmith,1
stick,assistant,1
fire,palol,1
wood,palol,1
fire,candidate,1
wood,assistant,1
wood,candidate,1
herd,priest,1
herd,palol,1
herd,assistant,1
crevice,uncle,1
product,uncle,1
bow,widow,1
arrow,widow,1
arrow,wife,1
moon,father,1
ladder,mother,1
bier,mother,1
sack,mother,1
comb,mother,1
needle,mother,1
jaggery,widower,1
corpse,widower,1
rice,widower,1
hair,widower,1
meal,widower,1
dead,daughter,1
pyre,daughter,1
handkerchief,constable,1
handkerchief,police,1
handkerchief,guard,1
fragment,daughter,1
hair,daughter,1
lock,daughter,1
corpse,leper,1
beard,grandfather,1
hair,grandfather,1
fanam,astrologer,1
water,weaver,1
image,weaver,1
share,weaver,1
tobacco,police,1
sugar,police,1
cane,police,1
ground,witness,1
string,brother,1
fire,uncle,1
pot,uncle,1
camphor,widow,1
butter,widow,1
sandal,widow,1
wealth,custodian,1
revenue,custodian,1
corpse,consort,1
dagger,father,1
dagger,mother,1
grain,sister,1
mark,nomad,1
money,owner,1
feast,owner,1
nut,owner,1
umbrella,stranger,1
chintz,washerman,1
drawers,bride,1
drawers,brother,1
turban,brother,1
dhornam,headman,1
dhornam,assistant,1
plate,beggar,1
brass,beggar,1
rain,bridegroom,1
salt,widow,1
blanket,goddess,1
cord,pūjāri,1
dowry,brother,1
dowry,daughter,1
food,cooly,1
store,servant,1
dung,priest,1
property,chief,1
property,mourner,1
umbrella,servant,1
piece,servant,1
table,wife,1
oven,wife,1
hole,wife,1
pyre,wife,1
ashes,grandson,1
ashes,grandfather,1
earth,grandson,1
salt,chief,1
tāli,resident,1
badge,resident,1
wire,bridegroom,1
screen,husband,1
mortar,headman,1
mortar,wife,1
ground,headman,1
plate,expert,1
rope,expert,1
iron,expert,1
cross,bridegroom,1
pāl,father,1
pāl,mother,1
disc,wife,1
disc,husband,1
car,sister,1
post,goddess,1
wind,adult,1
mask,goddess,1
silk,patient,1
pulse,patient,1
butter,patient,1
honey,patient,1
salt,patient,1
needle,surgeon,1
saffron,patient,1
medicine,native,1
fire,cooly,1
wood,cooly,1
paddy,cooly,1
umbrella,headman,1
blanket,headman,1
marakkāls,bridegroom,1
fire,celebrant,1
grain,heir,1
wind,heir,1
wind,chief,1
basket,heir,1
basket,chief,1
hole,widow,1
spirit,widow,1
mortar,heir,1
lamp,heir,1
boat,author,1
powder,washerwoman,1
turmeric,washerwoman,1
silk,ruler,1
piece,ruler,1
sandal,ruler,1
post,saint,1
door,saint,1
turban,nephew,1
boat,expert,1
sword,expert,1
boat,headman,1
boat,official,1
spirit,prince,1
coin,successor,1
gold,successor,1
salt,successor,1
rope,successor,1
shell,fisherman,1
boat,fisherman,1
arrow,marksman,1
water,prey,1
water,sportsman,1
piece,prey,1
piece,sportsman,1
lead,zamindar,1
ashes,zamindar,1
piece,uncle,1
plank,sister,1
land,bride,1
grain,ryot,1
harvest,ryot,1
pole,potter,1
milk,potter,1
post,potter,1
rice,mendicant,1
mud,mendicant,1
platform,mendicant,1
thread,saint,1
oil,trader,1
post,bachelor,1
orange,goddess,1
pole,goddess,1
umbrella,goddess,1
copper,pūjāri,1
carcase,pūjāri,1
sugar,priest,1
costume,priest,1
floor,chief,1
gate,child,1
rod,priest,1
wine,husband,1
ground,correspondent,1
wound,daughter,1
dress,goddess,1
metal,mother,1
fruit,wife,1
fruit,sister,1
metal,father,1
pepper,mother,1
ball,mother,1
wound,mother,1
bell,mother,1
bell,enemy,1
pipe,dwarf,1
horn,dwarf,1
shell,dwarf,1
toddy,dwarf,1
fruit,dwarf,1
moon,king,1
poison,king,1
trident,preceptor,1
sword,preceptor,1
ashes,enemy,1
car,enemy,1
sword,enemy,1
earth,adversary,1
ground,adversary,1
sword,adversary,1
earth,enemy,1
stone,enemy,1
plough,king,1
capital,minister,1
garb,cowherd,1
pay,minister,1
pay,cowherd,1
palanquin,minister,1
palanquin,headman,1
silver,king,1
crown,priest,1
thread,author,1
palanquin,officer,1
palanquin,native,1
revenue,husbandmen,1
coffee,zamindar,1
coffee,landholder,1
coffee,labourer,1
coffee,peon,1
coffee,owner,1
vehicle,bride,1
vehicle,bridegroom,1
necklace,uncle,1
bow,son,1
string,son,1
capital,father,1
throne,elder,1
cultivation,conqueror,1
cultivation,father,1
wilderness,conqueror,1
wilderness,father,1
badge,uncle,1
badge,daughter,1
dress,sister,1
dress,daughter,1
thread,infant,1
revenue,servant,1
grain,official,1
harvest,official,1
bali,son,1
object,native,1
plank,patient,1
slab,maker,1
idol,chief,1
idol,guard,1
bracelet,priest,1
bracelet,chief,1
dead,astrologer,1
bracelet,bride,1
bracelet,bridegroom,1
wilderness,rishi,1
anna,child,1
charcoal,blacksmith,1
pole,purōhit,1
knife,infant,1
shadow,goddess,1
shadow,pupil,1
camphor,pupil,1
feast,soothsayer,1
rice,soothsayer,1
drum,brother,1
charcoal,brother,1
powder,widower,1
powder,widow,1
stone,widower,1
stone,widow,1
milk,widower,1
fruit,widower,1
fruit,widow,1
clay,son,1
net,expert,1
basket,expert,1
wage,contractor,1
jewellery,husband,1
